{
    "ch_names": [
        "RFS1",
        "RFS2",
        "RFS3",
        "RFS4",
        "RFS5",
        "RFS6",
        "RPG1",
        "RPG2",
        "RPG5",
        "RPG6",
        "RPG8",
        "RPG9",
        "RPG10",
        "RPG11",
        "RPG12",
        "RPG13",
        "RPG14",
        "RPG15",
        "RPG3",
        "RPG4",
        "RPG16",
        "RPG17",
        "RPG18",
        "RPG19",
        "RPG20",
        "RPG21",
        "RPG22",
        "RPG23",
        "RPG24",
        "RPG25",
        "RPG26",
        "RPG27",
        "RPG28",
        "RPG29",
        "RPG30",
        "RPG31",
        "RPG32",
        "RPG33",
        "RPG34",
        "RPG36",
        "RPG37",
        "RPG38",
        "RPG40",
        "RPG41",
        "RPG42",
        "RPG43",
        "RPG44",
        "RPG45",
        "RPG46",
        "RPG47",
        "RPG48",
        "PSI1",
        "PSI2",
        "PSI3",
        "PSI4",
        "PSI5",
        "PSI6",
        "PSI7",
        "PSI8",
        "PDI1",
        "PDI2",
        "PDI3",
        "PDI4",
        "ASI1",
        "ASI2",
        "ASI3",
        "ASI4",
        "ASI5",
        "ASI6",
        "APD1",
        "APD2",
        "APD3",
        "APD4",
        "APD5",
        "APD6",
        "APD7",
        "APD8",
        "PPD1",
        "PPD2",
        "PPD3",
        "PPD4",
        "PPD5",
        "PPD6",
        "PPD7",
        "PPD8"
    ],
    "clin_onset_event_id": null,
    "clinonset_win": null,
    "delta_vectors_shape": [
        85,
        85,
        1448
    ],
    "events": [
        [
            0,
            0,
            10001
        ],
        [
            0,
            0,
            10006
        ],
        [
            461,
            0,
            10002
        ],
        [
            461,
            0,
            10009
        ],
        [
            502,
            0,
            10003
        ],
        [
            502,
            0,
            10005
        ],
        [
            550,
            0,
            10004
        ],
        [
            550,
            0,
            10007
        ],
        [
            550,
            0,
            10008
        ]
    ],
    "events_id": {
        "+0.000000": 10001,
        "+58.000000": 10002,
        "+63.000000": 10003,
        "+69.000000": 10004,
        "SZ EVENT # (PB SZ)": 10005,
        "Segment: REC START  REC EEG": 10006,
        "Z FAST SPIKES RPG 4/": 10007,
        "Z SPIKES ASI3, PSI 5": 10008,
        "Z SPIKES RPG4/12, AS": 10009
    },
    "length_recording": 181202,
    "model_params": {
        "method_to_use": "pinv",
        "numcores": 20,
        "perturbtype": "C",
        "radius": 1.5,
        "sfreq": 1000.0,
        "stepsize": 125,
        "tempdir": "/home/adam2392/hdd/derivatives/fragility/average/jh105/sub-jh105_ses-seizure_task-monitor_acq-ecog_run-01_proc-fragility_average_ieeg-tempdir",
        "winsize": 250
    },
    "numwins": 1448,
    "offsetwin": 1448,
    "onsetwin": 502,
    "output_fpath": "/home/adam2392/hdd/derivatives/fragility/average/jh105/sub-jh105_ses-presurgery_task-ictal_acq-ecog_run-01_proc-fragility_average_ieeg.json",
    "perturbation_matrix_shape": [
        85,
        1448
    ],
    "reference": "average",
    "sfreq": 1000.0,
    "state_matrix_shape": [
        85,
        85,
        1448
    ],
    "sz_offset_event_id": 1448,
    "sz_onset_event_id": 10003
}