{
    "ch_names": [
        "S1",
        "S4",
        "S5",
        "S6",
        "S7",
        "S8",
        "S11",
        "H1",
        "H2",
        "H4",
        "H5",
        "H6",
        "H7",
        "S9",
        "S10",
        "H8",
        "M1",
        "M2",
        "M5",
        "M6",
        "M7",
        "M8",
        "M9",
        "M10",
        "M11",
        "M12",
        "N1",
        "N2",
        "N3",
        "N4",
        "N5",
        "N6",
        "N7",
        "N9",
        "P1",
        "P2",
        "P3",
        "P4",
        "P5",
        "P6",
        "P7",
        "P8",
        "P9",
        "P10",
        "P11",
        "P12",
        "Y1",
        "Y2",
        "Y3",
        "Y4",
        "Y8",
        "Y9",
        "Y10",
        "Y11",
        "Y12",
        "Y13",
        "Y14",
        "Z1",
        "Z2",
        "Z3",
        "Z7",
        "Z8",
        "Z9",
        "Z10",
        "Z11",
        "Z12",
        "Z13",
        "Z14",
        "X1",
        "X2",
        "X8",
        "X9",
        "X10",
        "X11",
        "X12",
        "X13",
        "X14"
    ],
    "clinonset_win": null,
    "delta_vectors_shape": [
        77,
        77,
        3367
    ],
    "events": [
        [
            0,
            0,
            1
        ],
        [
            0,
            0,
            12
        ],
        [
            0,
            0,
            7
        ],
        [
            945,
            0,
            2
        ],
        [
            945,
            0,
            9
        ],
        [
            955,
            0,
            3
        ],
        [
            955,
            0,
            11
        ],
        [
            960,
            0,
            4
        ],
        [
            960,
            0,
            8
        ],
        [
            3303,
            0,
            5
        ],
        [
            3303,
            0,
            10
        ],
        [
            3358,
            0,
            6
        ],
        [
            3358,
            0,
            12
        ],
        [
            3358,
            0,
            7
        ]
    ],
    "events_id": {
        "+0.000000": 1,
        "+118.427000": 2,
        "+119.682000": 3,
        "+120.254000": 4,
        "+413.133000": 5,
        "+420.000000": 6,
        "A1+A2 OFF": 7,
        "Clin Onset": 8,
        "EEG Onset?": 9,
        "End?": 10,
        "SZ 3P": 11,
        "Segment: REC START Tech-Bi EE": 12
    },
    "length_recording": 421070,
    "model_params": {
        "method_to_use": "pinv",
        "numcores": 20,
        "perturbtype": "C",
        "radius": 1.5,
        "sfreq": 1000.0,
        "stepsize": 125,
        "tempdir": "/home/adam2392/hdd/derivatives/fragility/average/nl22/sub-nl22_ses-presurgery_task-ictal_acq-seeg_run-08_proc-fragility_average_ieeg-tempdir",
        "winsize": 250
    },
    "numwins": 3367,
    "offsetwin": null,
    "onsetwin": null,
    "output_fpath": "/home/adam2392/hdd/derivatives/fragility/average/nl22/sub-nl22_ses-presurgery_task-ictal_acq-seeg_run-08_proc-fragility_average_ieeg.npz",
    "perturbation_matrix_shape": [
        77,
        3367
    ],
    "reference": "average",
    "sfreq": 1000.0,
    "state_matrix_shape": [
        77,
        77,
        3367
    ]
}