{
    "ch_names": [
        "Q1",
        "Q2",
        "Q6",
        "Q7",
        "Q8",
        "B1",
        "B2",
        "B3",
        "B5",
        "B6",
        "B7",
        "B8",
        "B9",
        "P'1",
        "P'2",
        "P'4",
        "P'5",
        "P'6",
        "P'7",
        "X'1",
        "X'2",
        "X'7",
        "X'8",
        "X'9",
        "U'1",
        "U'5",
        "U'6",
        "U'7",
        "U'8",
        "C'6",
        "C'7",
        "C'8",
        "C'9",
        "O'1",
        "O'2",
        "O'3",
        "O'7",
        "O'8",
        "O'9",
        "F'1",
        "F'2",
        "F'3",
        "F'4",
        "F'5",
        "F'8",
        "F'9",
        "F'10",
        "T'1",
        "T'2",
        "T'3",
        "T'4",
        "T'5",
        "B'6",
        "B'7",
        "B'8",
        "B'9",
        "E'1",
        "E'2",
        "E'3",
        "E'4",
        "E'5",
        "E'6",
        "E'7",
        "E'8",
        "R'4",
        "R'5",
        "R'6",
        "R'7",
        "R'8",
        "M'1",
        "M'2",
        "M'4",
        "M'5",
        "M'6",
        "M'7",
        "M'8",
        "N'1",
        "N'2",
        "N'3",
        "N'4",
        "N'5",
        "N'6",
        "N'7",
        "V1",
        "V2",
        "V3",
        "V4",
        "V5",
        "V6"
    ],
    "clin_onset_event_id": 10004,
    "clinonset_win": 1218,
    "delta_vectors_shape": [
        89,
        89,
        3525
    ],
    "events": [
        [
            0,
            0,
            10001
        ],
        [
            0,
            0,
            10011
        ],
        [
            0,
            0,
            10006
        ],
        [
            961,
            0,
            10002
        ],
        [
            961,
            0,
            10010
        ],
        [
            971,
            0,
            10003
        ],
        [
            971,
            0,
            10008
        ],
        [
            1218,
            0,
            10004
        ],
        [
            1218,
            0,
            10007
        ],
        [
            1817,
            0,
            10005
        ],
        [
            1817,
            0,
            10009
        ]
    ],
    "events_id": {
        "+0.000000": 10001,
        "+120.332000": 10002,
        "+121.681000": 10003,
        "+152.630000": 10004,
        "+227.384000": 10005,
        "A1+A2 OFF": 10006,
        "Clin Onset": 10007,
        "EEG Onset (X'1,2/P'2": 10008,
        "END": 10009,
        "SZ 1PG": 10010,
        "Segment: REC START Tech Bi EE": 10011
    },
    "length_recording": 440800,
    "model_params": {
        "method_to_use": "pinv",
        "numcores": 20,
        "perturbtype": "C",
        "radius": 1.5,
        "sfreq": 1000.0,
        "stepsize": 125,
        "tempdir": "/home/adam2392/hdd/derivatives/fragility/average/la08/sub-la08_ses-seizure_task-monitor_acq-seeg_run-01_proc-fragility_average_ieeg-tempdir",
        "winsize": 250
    },
    "numwins": 3525,
    "offsetwin": 1817,
    "onsetwin": 971,
    "output_fpath": "/home/adam2392/hdd/derivatives/fragility/average/la08/sub-la08_ses-presurgery_task-ictal_acq-seeg_run-01_proc-fragility_average_ieeg.json",
    "perturbation_matrix_shape": [
        89,
        3525
    ],
    "reference": "average",
    "sfreq": 1000.0,
    "state_matrix_shape": [
        89,
        89,
        3525
    ],
    "sz_offset_event_id": 10005,
    "sz_onset_event_id": 10003
}