{
    "ch_names": [
        "P1",
        "P2",
        "P3",
        "P11",
        "P12",
        "P13",
        "P14",
        "P15",
        "W1",
        "W2",
        "W7",
        "W8",
        "W13",
        "W14",
        "W15",
        "V1",
        "V2",
        "V3",
        "V4",
        "V5",
        "V6",
        "V9",
        "V10",
        "V13",
        "V14",
        "V15",
        "Z1",
        "Z13",
        "Z14",
        "C1",
        "C2",
        "C3",
        "C4",
        "C5",
        "C6",
        "C10",
        "C11",
        "C12",
        "C13",
        "C16",
        "F1",
        "F2",
        "F3",
        "F4",
        "F6",
        "F8",
        "F9",
        "F11",
        "F12",
        "U8",
        "U9",
        "U10",
        "S2",
        "S3",
        "S4",
        "S5",
        "S6",
        "S10",
        "R2",
        "R3",
        "R4",
        "R6",
        "R7",
        "R8",
        "Y1",
        "Y2",
        "Y3",
        "Y11",
        "Y12",
        "Y13",
        "Y14",
        "R'2",
        "R'3",
        "R'4",
        "R'5",
        "R'6",
        "R'7",
        "R'8",
        "R'9",
        "X'1",
        "X'9",
        "X'10",
        "X5",
        "X6",
        "X7",
        "X8",
        "X10",
        "A1",
        "A2",
        "A3",
        "A4",
        "O14",
        "O15",
        "O16",
        "L1",
        "L2",
        "L4",
        "L5",
        "L7",
        "L8",
        "L9"
    ],
    "clin_onset_event_id": 10002,
    "clinonset_win": 956,
    "delta_vectors_shape": [
        101,
        101,
        4088
    ],
    "events": [
        [
            0,
            0,
            10001
        ],
        [
            0,
            0,
            10009
        ],
        [
            0,
            0,
            10005
        ],
        [
            956,
            0,
            10002
        ],
        [
            956,
            0,
            10006
        ],
        [
            958,
            0,
            10003
        ],
        [
            958,
            0,
            10008
        ],
        [
            3567,
            0,
            10004
        ],
        [
            3567,
            0,
            10007
        ]
    ],
    "events_id": {
        "+0.000000": 10001,
        "+119.817000": 10002,
        "+119.896000": 10003,
        "+446.050000": 10004,
        "A1+A2 OFF": 10005,
        "Clin&EEG Onset": 10006,
        "No Clear End": 10007,
        "SZ 6A": 10008,
        "Segment: REC START Tech-Bi EE": 10009
    },
    "length_recording": 511155,
    "model_params": {
        "method_to_use": "pinv",
        "numcores": 20,
        "perturbtype": "C",
        "radius": 1.5,
        "sfreq": 1000.0,
        "stepsize": 125,
        "tempdir": "/home/adam2392/hdd/derivatives/fragility/average/la03/sub-la03_ses-seizure_task-monitor_acq-seeg_run-11_proc-fragility_average_ieeg-tempdir",
        "winsize": 250
    },
    "numwins": 4088,
    "offsetwin": 3567,
    "onsetwin": 956,
    "output_fpath": "/home/adam2392/hdd/derivatives/fragility/average/la03/sub-la03_ses-presurgery_task-ictal_acq-seeg_run-11_proc-fragility_average_ieeg.json",
    "perturbation_matrix_shape": [
        101,
        4088
    ],
    "reference": "average",
    "sfreq": 1000.0,
    "state_matrix_shape": [
        101,
        101,
        4088
    ],
    "sz_offset_event_id": 10004,
    "sz_onset_event_id": 10002
}