{
    "band": "gamma",
    "ch_names": [
        "L1",
        "L2",
        "L11",
        "L12",
        "L13",
        "L14",
        "L15",
        "V1",
        "V2",
        "V3",
        "V4",
        "V5",
        "V6",
        "V7",
        "V11",
        "V12",
        "V13",
        "V14",
        "O1",
        "O2",
        "O3",
        "O4",
        "O5",
        "O6",
        "O7",
        "O12",
        "O13",
        "O14",
        "O15",
        "O16",
        "C1",
        "C2",
        "C3",
        "C4",
        "C5",
        "C11",
        "C12",
        "C13",
        "C15",
        "F1",
        "F2",
        "F3",
        "F4",
        "F5",
        "F6",
        "F13",
        "F14",
        "B2",
        "B3",
        "B4",
        "B5",
        "B7",
        "B8",
        "B9",
        "B10",
        "B11",
        "B12",
        "E1",
        "E4",
        "E5",
        "E6",
        "E7",
        "E9",
        "E10",
        "E11",
        "E12",
        "U1",
        "U2",
        "U3",
        "U4",
        "U5",
        "U6",
        "U7",
        "U8",
        "U9",
        "P1",
        "P2",
        "P14",
        "L'1",
        "L'2",
        "L'3",
        "L'4",
        "L'5",
        "L'8",
        "L'9",
        "L'10",
        "L'11",
        "L'12",
        "L'13",
        "L'14",
        "L'15",
        "U'1",
        "U'2",
        "U'3",
        "U'4",
        "U'6",
        "U'7",
        "U'8",
        "U'9",
        "V'1",
        "V'2",
        "V'3",
        "V'4",
        "V'5",
        "V'6",
        "V'7",
        "V'13",
        "V'14",
        "V'15"
    ],
    "clin_onset_event_id": null,
    "events": [
        [
            0,
            0,
            2
        ],
        [
            0,
            0,
            9
        ],
        [
            0,
            0,
            6
        ],
        [
            232,
            0,
            3
        ],
        [
            232,
            0,
            7
        ],
        [
            236,
            0,
            4
        ],
        [
            236,
            0,
            8
        ],
        [
            268,
            0,
            5
        ],
        [
            268,
            0,
            1
        ]
    ],
    "events_id": {
        "\"Same thing that hap": 1,
        "+0.000000": 2,
        "+118.636000": 3,
        "+120.261000": 4,
        "+136.161000": 5,
        "A1+A2 OFF": 6,
        "P_COMMENT": 7,
        "SZ 3E": 8,
        "Segment: REC START Tech-Bi EE": 9
    },
    "fmax": 90,
    "fmin": 30,
    "length_recording": 420122,
    "model_params": {
        "stepsize": 500,
        "winsize": 2500
    },
    "n_wins": 836,
    "output_fname": "sub-tvb14_ses-presurgery_task-ictal_acq-seeg_run-09_proc-cohcentrality_freq-gamma_ieeg.npz",
    "output_fpath": "/home/adam2392/hdd/derivatives/coherence-centrality/average/gamma/tvb14/sub-tvb14_ses-presurgery_task-ictal_acq-seeg_run-09_proc-cohcentrality_freq-gamma_ieeg.npz",
    "reference": "average",
    "sfreq": 1000.0,
    "spectral_connectivity_matrix_shape": [
        109,
        109,
        836
    ],
    "sz_offset_event_id": null,
    "sz_onset_event_id": 8
}