{
    "ch_names": [
        "P'1",
        "P'2",
        "P'3",
        "P'6",
        "P'7",
        "P'11",
        "P'12",
        "U'1",
        "U'2",
        "U'3",
        "U'4",
        "U'5",
        "P'10",
        "C'1",
        "C'2",
        "C'3",
        "C'8",
        "C'9",
        "C'10",
        "C'11",
        "C'12",
        "B'1",
        "B'2",
        "B'3",
        "B'4",
        "B'8",
        "B'9",
        "B'10",
        "B'11",
        "B'12",
        "B'13",
        "B'14",
        "A'1",
        "A'2",
        "A'3",
        "A'4",
        "A'8",
        "A'10",
        "A'11",
        "A'12",
        "A'13",
        "T'1",
        "T'2",
        "T'3",
        "T'4",
        "T'5",
        "T'6",
        "T'7",
        "T'8",
        "T'9",
        "T'10",
        "F'1",
        "F'2",
        "F'3",
        "F'4",
        "F'5",
        "F'6",
        "O'1",
        "O'2",
        "O'4",
        "O'9",
        "O'10",
        "O'14",
        "G'1",
        "G'2",
        "G'3",
        "G'4",
        "G'6",
        "G'7",
        "G'8",
        "G'9",
        "G'10",
        "G'11"
    ],
    "clinonset_win": null,
    "delta_vectors_shape": [
        73,
        73,
        2887
    ],
    "events": [
        [
            0,
            0,
            10001
        ],
        [
            0,
            0,
            10009
        ],
        [
            0,
            0,
            10005
        ],
        [
            481,
            0,
            10002
        ],
        [
            481,
            0,
            10008
        ],
        [
            489,
            0,
            10003
        ],
        [
            489,
            0,
            10007
        ],
        [
            655,
            0,
            10004
        ],
        [
            655,
            0,
            10006
        ]
    ],
    "events_id": {
        "+0.000000": 10001,
        "+60.492000": 10002,
        "+61.358000": 10003,
        "+82.076000": 10004,
        "A1+A2 OFF": 10005,
        "EEG end": 10006,
        "EEG onset B'1>C'2-3,": 10007,
        "NCS": 10008,
        "Segment: REC START Tech-Bi EE": 10009
    },
    "length_recording": 361030,
    "model_params": {
        "method_to_use": "pinv",
        "numcores": 20,
        "perturbtype": "C",
        "radius": 1.5,
        "sfreq": 1000.0,
        "stepsize": 125,
        "tempdir": "/home/adam2392/hdd/derivatives/fragility/average/nl13/sub-nl13_ses-presurgery_task-interictal_acq-seeg_run-02_proc-fragility_average_ieeg-tempdir",
        "winsize": 250
    },
    "numwins": 2887,
    "offsetwin": null,
    "onsetwin": null,
    "output_fpath": "/home/adam2392/hdd/derivatives/fragility/average/nl13/sub-nl13_ses-presurgery_task-interictal_acq-seeg_run-02_proc-fragility_average_ieeg.npz",
    "perturbation_matrix_shape": [
        73,
        2887
    ],
    "reference": "average",
    "sfreq": 1000.0,
    "state_matrix_shape": [
        73,
        73,
        2887
    ]
}