{
    "ch_names": [
        "L'1",
        "L'2",
        "L'3",
        "L'4",
        "L'6",
        "L'7",
        "L'8",
        "L'11",
        "L'12",
        "L'13",
        "M'1",
        "M'2",
        "M'3",
        "M'7",
        "L'10",
        "M'8",
        "M'9",
        "M'10",
        "M'11",
        "M'12",
        "M'13",
        "M'14",
        "G'1",
        "G'2",
        "G'3",
        "G'4",
        "G'9",
        "G'10",
        "G'11",
        "G'12",
        "G'13",
        "G'14",
        "G'15",
        "F'1",
        "F'4",
        "F'5",
        "F'7",
        "F'8",
        "F'9",
        "F'10",
        "F'11",
        "O'1",
        "O'2",
        "O'3",
        "O'6",
        "O'7",
        "O'8",
        "O'9",
        "O'10",
        "O'11",
        "O'12",
        "O'13",
        "R'1",
        "R'2",
        "R'3",
        "R'4",
        "R'7",
        "R'8",
        "R'9",
        "B'1",
        "B'2",
        "B'3",
        "B'4",
        "B'12",
        "B'13",
        "B'14",
        "P'1",
        "P'2",
        "P'3",
        "P'8",
        "P'10",
        "P'11",
        "P'12",
        "P'13",
        "P'14",
        "P'15",
        "P'16"
    ],
    "clin_onset_event_id": null,
    "correlation_matrix_shape": [
        77,
        77,
        5759
    ],
    "events": [
        [
            0,
            0,
            1
        ],
        [
            0,
            0,
            11
        ],
        [
            0,
            0,
            8
        ],
        [
            965,
            0,
            2
        ],
        [
            965,
            0,
            10
        ],
        [
            981,
            0,
            3
        ],
        [
            981,
            0,
            9
        ],
        [
            1006,
            0,
            4
        ],
        [
            1006,
            0,
            14
        ],
        [
            1021,
            0,
            5
        ],
        [
            1021,
            0,
            13
        ],
        [
            1068,
            0,
            6
        ],
        [
            1068,
            0,
            15
        ],
        [
            1077,
            0,
            7
        ],
        [
            1077,
            0,
            12
        ]
    ],
    "events_id": {
        "+0.000000": 1,
        "+120.845000": 2,
        "+123.000000": 3,
        "+126.150000": 4,
        "+127.960000": 5,
        "+133.880000": 6,
        "+135.013000": 7,
        "A1+A2 OFF": 8,
        "EEG onset": 9,
        "SZ 12P": 10,
        "Segment: REC START Tech-Bi EE": 11,
        "end": 12,
        "moves legs": 13,
        "opens eyes-head turn": 14,
        "turns to left and sm": 15
    },
    "length_recording": 720044,
    "model_params": {
        "stepsize": 125,
        "winsize": 250
    },
    "n_wins": 5759,
    "output_fname": "sub-la04_ses-presurgery_task-ictal_acq-seeg_run-03_proc-corrcentrality_ieeg.npz",
    "output_fpath": "/home/adam2392/hdd/derivatives/correlation/average/la04/sub-la04_ses-presurgery_task-ictal_acq-seeg_run-03_proc-corrcentrality_ieeg.npz",
    "reference": "average",
    "sfreq": 1000.0,
    "sz_offset_event_id": 12,
    "sz_onset_event_id": 9
}