{
    "ch_names": [
        "Y'1",
        "Y'2",
        "Y'3",
        "Y'4",
        "Y'5",
        "Y'6",
        "Y'7",
        "Y'11",
        "Y'12",
        "Y'13",
        "W'2",
        "W'3",
        "Y'10",
        "W'9",
        "W'10",
        "W'11",
        "W'12",
        "W'13",
        "W'14",
        "W'15",
        "W'16",
        "P'1",
        "P'2",
        "P'3",
        "P'4",
        "P'5",
        "P'9",
        "P'10",
        "P'11",
        "P'12",
        "P'13",
        "P'14",
        "P'15",
        "P'16",
        "Z'1",
        "Z'2",
        "Z'3",
        "Z'9",
        "Z'10",
        "Z'11",
        "Z'12",
        "X'1",
        "X'2",
        "X'10",
        "X'11",
        "X'12",
        "X'13",
        "X'14",
        "X'15",
        "S'1",
        "S'3",
        "S'4",
        "S'5",
        "S'6",
        "S'7",
        "S'9",
        "S'10",
        "R'1",
        "R'2",
        "R'3",
        "R'4",
        "R'5",
        "R'7",
        "R'8",
        "M'2",
        "M'3",
        "M'4",
        "M'8",
        "M'9",
        "U'10",
        "T'1",
        "T'2",
        "T'3",
        "T'4",
        "T'5",
        "T'6",
        "T'7",
        "Q'1",
        "Q'2",
        "Q'12",
        "Q'13",
        "Q'14",
        "Q'15",
        "O'1",
        "O'2",
        "O'5",
        "O'6",
        "O'7",
        "O'8",
        "O'9",
        "O'10"
    ],
    "clinonset_win": null,
    "delta_vectors_shape": [
        91,
        91,
        4055
    ],
    "events": [
        [
            0,
            0,
            1
        ],
        [
            0,
            0,
            11
        ],
        [
            0,
            0,
            6
        ],
        [
            960,
            0,
            2
        ],
        [
            960,
            0,
            9
        ],
        [
            961,
            0,
            10
        ],
        [
            1015,
            0,
            3
        ],
        [
            1015,
            0,
            8
        ],
        [
            1404,
            0,
            4
        ],
        [
            1404,
            0,
            12
        ],
        [
            1407,
            0,
            5
        ],
        [
            1407,
            0,
            7
        ]
    ],
    "events_id": {
        "+0.000000": 1,
        "+120.279000": 2,
        "+127.140000": 3,
        "+175.815000": 4,
        "+176.079000": 5,
        "A1+A2 OFF": 6,
        "Clin Seizure End": 7,
        "Clinical onset-Arous": 8,
        "EEG Onset": 9,
        "SZ 12PG": 10,
        "Segment: REC START Tech-Bi EE": 11,
        "end": 12
    },
    "length_recording": 507022,
    "model_params": {
        "method_to_use": "pinv",
        "numcores": 20,
        "perturbtype": "C",
        "radius": 1.5,
        "sfreq": 1000.0,
        "stepsize": 125,
        "tempdir": "/home/adam2392/hdd/derivatives/fragility/average/nl05/sub-nl05_ses-presurgery_task-ictal_acq-seeg_run-01_proc-fragility_average_ieeg-tempdir",
        "winsize": 250
    },
    "numwins": 4055,
    "offsetwin": null,
    "onsetwin": null,
    "output_fpath": "/home/adam2392/hdd/derivatives/fragility/average/nl05/sub-nl05_ses-presurgery_task-ictal_acq-seeg_run-01_proc-fragility_average_ieeg.npz",
    "perturbation_matrix_shape": [
        91,
        4055
    ],
    "reference": "average",
    "sfreq": 1000.0,
    "state_matrix_shape": [
        91,
        91,
        4055
    ]
}