{
    "band": "gamma",
    "ch_names": [
        "M'1",
        "M'2",
        "M'5",
        "M'6",
        "M'7",
        "M'8",
        "M'11",
        "M'12",
        "N'1",
        "N'2",
        "N'5",
        "M'9",
        "M'10",
        "N'6",
        "N'7",
        "N'10",
        "N'11",
        "N'12",
        "G'1",
        "G'4",
        "G'5",
        "G'6",
        "G'8",
        "G'9",
        "G'10",
        "G'11",
        "G'12",
        "H'1",
        "H'9",
        "H'10",
        "H'14",
        "H'15",
        "H'16",
        "L'1",
        "L'2",
        "L'3",
        "L'6",
        "L'7",
        "L'8",
        "L'9",
        "L'10",
        "L'11",
        "S'1",
        "S'2",
        "S'5",
        "S'6",
        "S'7",
        "S'8",
        "F'1",
        "F'2",
        "F'3",
        "F'5",
        "F'6",
        "F'7",
        "F'8",
        "F'9",
        "O'1",
        "O'2",
        "O'5",
        "O'6",
        "O'7",
        "O'8",
        "O'9",
        "O'10",
        "O'14",
        "O'15",
        "O'16",
        "A'1",
        "A'2",
        "A'3",
        "A'7",
        "A'8",
        "A'9",
        "A'10",
        "A'11",
        "U'1",
        "U'2",
        "U'3",
        "U'4",
        "U'6",
        "U'7",
        "U'8",
        "T'1",
        "T'2",
        "T'3",
        "T'4",
        "T'5"
    ],
    "clin_onset_event_id": null,
    "events": [
        [
            0,
            0,
            1
        ],
        [
            0,
            0,
            12
        ],
        [
            0,
            0,
            7
        ],
        [
            116,
            0,
            3
        ],
        [
            116,
            0,
            9
        ],
        [
            117,
            0,
            4
        ],
        [
            117,
            0,
            10
        ],
        [
            120,
            0,
            5
        ],
        [
            120,
            0,
            11
        ],
        [
            176,
            0,
            6
        ],
        [
            176,
            0,
            13
        ],
        [
            204,
            0,
            2
        ],
        [
            204,
            0,
            8
        ]
    ],
    "events_id": {
        "+0.000000": 1,
        "+104.174000": 2,
        "+60.180000": 3,
        "+60.737000": 4,
        "+62.183000": 5,
        "+90.208000": 6,
        "A1+A2 OFF": 7,
        "EEG end": 8,
        "F'?": 9,
        "NCS 2": 10,
        "O'F'": 11,
        "Segment: REC START Tech-Bi EE": 12,
        "Woke up after alarm": 13
    },
    "fmax": 90,
    "fmin": 30,
    "length_recording": 242165,
    "model_params": {
        "stepsize": 500,
        "winsize": 2500
    },
    "n_wins": 480,
    "output_fname": "sub-tvb27_ses-presurgery_task-interictal_acq-seeg_run-03_proc-cohdegree_freq-gamma_ieeg.npz",
    "output_fpath": "/home/adam2392/hdd/derivatives/coherence-degree/average/gamma/tvb27/sub-tvb27_ses-presurgery_task-interictal_acq-seeg_run-03_proc-cohdegree_freq-gamma_ieeg.npz",
    "reference": "average",
    "sfreq": 1000.0,
    "spectral_connectivity_matrix_shape": [
        87,
        87,
        480
    ],
    "sz_offset_event_id": null,
    "sz_onset_event_id": null
}