{
    "band": "gamma",
    "ch_names": [
        "X'1",
        "X'6",
        "X'7",
        "X'8",
        "F'1",
        "F'2",
        "F'7",
        "F'8",
        "F'9",
        "F'10",
        "C'1",
        "X'9",
        "X'10",
        "C'2",
        "C'6",
        "C'7",
        "C'8",
        "C'9",
        "U'1",
        "U'2",
        "U'3",
        "U'4",
        "U'5",
        "U'6",
        "U'7",
        "U'8",
        "B'1",
        "B'2",
        "B'6",
        "B'7",
        "B'8",
        "B'9",
        "A'1",
        "A'2",
        "A'6",
        "A'7",
        "A'8",
        "A'9",
        "T'1",
        "T'2",
        "T'3",
        "T'4",
        "T'5",
        "T'6",
        "Q'1",
        "Q'4",
        "Q'5",
        "Q'6",
        "Q'7",
        "Q'8",
        "I'1",
        "I'2",
        "I'3",
        "I'4",
        "I'5",
        "I'6",
        "I'7",
        "O'1",
        "O'2",
        "O'7",
        "O'8",
        "O'9"
    ],
    "clin_onset_event_id": null,
    "events": [
        [
            0,
            0,
            1
        ],
        [
            0,
            0,
            13
        ],
        [
            0,
            0,
            9
        ],
        [
            235,
            0,
            2
        ],
        [
            235,
            0,
            12
        ],
        [
            240,
            0,
            3
        ],
        [
            240,
            0,
            11
        ],
        [
            240,
            0,
            10
        ],
        [
            292,
            0,
            4
        ],
        [
            292,
            0,
            18
        ],
        [
            636,
            0,
            5
        ],
        [
            636,
            0,
            15
        ],
        [
            693,
            0,
            6
        ],
        [
            693,
            0,
            17
        ],
        [
            772,
            0,
            7
        ],
        [
            772,
            0,
            16
        ],
        [
            789,
            0,
            8
        ],
        [
            789,
            0,
            14
        ]
    ],
    "events_id": {
        "+0.000000": 1,
        "+120.005000": 2,
        "+122.137000": 3,
        "+148.330000": 4,
        "+320.256000": 5,
        "+349.016000": 6,
        "+388.569000": 7,
        "+397.050000": 8,
        "A1+A2 OFF": 9,
        "C'6-9 / B'9-10": 10,
        "EEG Onset": 11,
        "SZ 6P": 12,
        "Segment: REC START Tech-Bi EE": 13,
        "Unclear End": 14,
        "delayed response": 15,
        "not able to name": 16,
        "struggles to name": 17,
        "x": 18
    },
    "fmax": 90,
    "fmin": 30,
    "length_recording": 420051,
    "model_params": {
        "stepsize": 500,
        "winsize": 2500
    },
    "n_wins": 836,
    "output_fname": "sub-nl20_ses-presurgery_task-ictal_acq-seeg_run-04_proc-coh_freq-gamma_ieeg.npz",
    "output_fpath": "/home/adam2392/hdd/derivatives/coherence/average/gamma/nl20/sub-nl20_ses-presurgery_task-ictal_acq-seeg_run-04_proc-coh_freq-gamma_ieeg.npz",
    "reference": "average",
    "sfreq": 1000.0,
    "spectral_connectivity_matrix_shape": [
        62,
        62,
        836
    ],
    "sz_offset_event_id": null,
    "sz_onset_event_id": 11
}