{
    "band": "alpha",
    "ch_names": [
        "X'1",
        "X'6",
        "X'7",
        "X'8",
        "F'1",
        "F'2",
        "F'7",
        "F'8",
        "F'9",
        "F'10",
        "C'1",
        "X'9",
        "X'10",
        "C'2",
        "C'6",
        "C'7",
        "C'8",
        "C'9",
        "U'1",
        "U'2",
        "U'3",
        "U'4",
        "U'5",
        "U'6",
        "U'7",
        "U'8",
        "B'1",
        "B'2",
        "B'6",
        "B'7",
        "B'8",
        "B'9",
        "A'1",
        "A'2",
        "A'6",
        "A'7",
        "A'8",
        "A'9",
        "T'1",
        "T'2",
        "T'3",
        "T'4",
        "T'5",
        "T'6",
        "Q'1",
        "Q'4",
        "Q'5",
        "Q'6",
        "Q'7",
        "Q'8",
        "I'1",
        "I'2",
        "I'3",
        "I'4",
        "I'5",
        "I'6",
        "I'7",
        "O'1",
        "O'2",
        "O'7",
        "O'8",
        "O'9"
    ],
    "clin_onset_event_id": null,
    "events": [
        [
            0,
            0,
            1
        ],
        [
            0,
            0,
            15
        ],
        [
            0,
            0,
            10
        ],
        [
            236,
            0,
            2
        ],
        [
            236,
            0,
            14
        ],
        [
            241,
            0,
            3
        ],
        [
            241,
            0,
            12
        ],
        [
            242,
            0,
            4
        ],
        [
            242,
            0,
            11
        ],
        [
            491,
            0,
            5
        ],
        [
            491,
            0,
            17
        ],
        [
            531,
            0,
            6
        ],
        [
            531,
            0,
            16
        ],
        [
            648,
            0,
            7
        ],
        [
            648,
            0,
            18
        ],
        [
            681,
            0,
            8
        ],
        [
            681,
            0,
            19
        ],
        [
            800,
            0,
            9
        ],
        [
            800,
            0,
            13
        ]
    ],
    "events_id": {
        "+0.000000": 1,
        "+120.307000": 2,
        "+123.036000": 3,
        "+123.318000": 4,
        "+247.618000": 5,
        "+267.711000": 6,
        "+326.411000": 7,
        "+342.747000": 8,
        "+402.357000": 9,
        "A1+A2 OFF": 10,
        "C'6-8": 11,
        "EEG Onset": 12,
        "End?": 13,
        "SZ 5P": 14,
        "Segment: REC START Tech-Bi EE": 15,
        "reading normal": 16,
        "respods normal": 17,
        "some difficulty nami": 18,
        "struggles here": 19
    },
    "fmax": 13,
    "fmin": 8,
    "length_recording": 420051,
    "model_params": {
        "stepsize": 500,
        "winsize": 2500
    },
    "n_wins": 836,
    "output_fname": "sub-nl20_ses-presurgery_task-ictal_acq-seeg_run-03_proc-cohcentrality_freq-alpha_ieeg.npz",
    "output_fpath": "/home/adam2392/hdd/derivatives/coherence-centrality/average/alpha/nl20/sub-nl20_ses-presurgery_task-ictal_acq-seeg_run-03_proc-cohcentrality_freq-alpha_ieeg.npz",
    "reference": "average",
    "sfreq": 1000.0,
    "spectral_connectivity_matrix_shape": [
        62,
        62,
        836
    ],
    "sz_offset_event_id": null,
    "sz_onset_event_id": 12
}