{
    "band": "highgamma",
    "ch_names": [
        "J3",
        "J4",
        "J5",
        "J6",
        "J7",
        "J12",
        "J13",
        "J14",
        "J15",
        "X3",
        "X4",
        "X5",
        "X6",
        "X7",
        "X8",
        "X14",
        "X15",
        "X16",
        "O1",
        "O2",
        "O3",
        "O4",
        "O7",
        "O8",
        "O9",
        "O10",
        "O13",
        "O14",
        "O15",
        "N3",
        "N4",
        "N5",
        "N6",
        "N7",
        "N10",
        "N11",
        "N12",
        "N13",
        "N14",
        "Y3",
        "Y4",
        "Y5",
        "Y6",
        "Y11",
        "Y12",
        "Y13",
        "Y14",
        "Y15",
        "Y16",
        "Q1",
        "Q2",
        "Q3",
        "Q4",
        "Q6",
        "Q7",
        "Q8",
        "Q9",
        "Q10",
        "Q11",
        "Q12",
        "Q13",
        "A1",
        "A2",
        "A3",
        "A4",
        "A9",
        "A10",
        "I1",
        "I2",
        "I3",
        "I4",
        "I5",
        "I6",
        "I7",
        "I8",
        "P4",
        "P5",
        "P6",
        "P7",
        "P8",
        "B1",
        "B2",
        "B3",
        "B4",
        "B10",
        "B11",
        "B12",
        "B13",
        "Q'2",
        "Q'3",
        "Q'4",
        "Q'5",
        "Q'7",
        "Q'8",
        "Q'9",
        "Q'10",
        "Q'11",
        "Q'12",
        "Q'13",
        "A'1",
        "A'2",
        "A'3",
        "A'4",
        "A'10",
        "A'11",
        "I'1",
        "I'2",
        "I'3",
        "I'4",
        "I'5",
        "I'6",
        "I'7",
        "I'8",
        "I'9",
        "I'10"
    ],
    "clin_onset_event_id": 5,
    "events": [
        [
            0,
            0,
            1
        ],
        [
            0,
            0,
            8
        ],
        [
            0,
            0,
            4
        ],
        [
            235,
            0,
            2
        ],
        [
            235,
            0,
            5
        ],
        [
            235,
            0,
            7
        ],
        [
            289,
            0,
            3
        ],
        [
            289,
            0,
            6
        ]
    ],
    "events_id": {
        "+0.000000": 1,
        "+119.719000": 2,
        "+146.830000": 3,
        "A1+A2 OFF": 4,
        "Clin&EEG Onset": 5,
        "End?": 6,
        "SZ 5A": 7,
        "Segment: REC START Tech-Bi EE": 8
    },
    "fmax": 300,
    "fmin": 90,
    "length_recording": 301148,
    "model_params": {
        "stepsize": 500,
        "winsize": 2500
    },
    "n_wins": 598,
    "output_fname": "sub-la21_ses-presurgery_task-ictal_acq-seeg_run-02_proc-coh_freq-highgamma_ieeg.npz",
    "output_fpath": "/home/adam2392/hdd/derivatives/coherence/average/highgamma/la21/sub-la21_ses-presurgery_task-ictal_acq-seeg_run-02_proc-coh_freq-highgamma_ieeg.npz",
    "reference": "average",
    "sfreq": 1000.0,
    "spectral_connectivity_matrix_shape": [
        115,
        115,
        598
    ],
    "sz_offset_event_id": 6,
    "sz_onset_event_id": 5
}