{
    "ch_names": [
        "OF1",
        "OF2",
        "OF3",
        "OF4",
        "TT1",
        "TT2",
        "TT5",
        "TT6",
        "AST1",
        "AST2",
        "AST3",
        "AST4",
        "MST1",
        "MST2",
        "MST3",
        "MST4",
        "PST1",
        "TT3",
        "TT4",
        "PST2",
        "PST3",
        "PST4",
        "G1",
        "G2",
        "G3",
        "G4",
        "G5",
        "G6",
        "G7",
        "G8",
        "G9",
        "G10",
        "G11",
        "G12",
        "G13",
        "G14",
        "G15",
        "G16",
        "G19",
        "G20",
        "G21",
        "G22",
        "G23",
        "G24",
        "G27",
        "G28",
        "G29",
        "G30",
        "G31",
        "G32",
        "TO1",
        "TO2",
        "TO3",
        "TO4"
    ],
    "clin_onset_event_id": null,
    "clinonset_win": null,
    "delta_vectors_shape": [
        54,
        54,
        5225
    ],
    "events": [
        [
            0,
            0,
            10002
        ],
        [
            0,
            0,
            10013
        ],
        [
            0,
            0,
            10010
        ],
        [
            612,
            0,
            10009
        ],
        [
            612,
            0,
            10015
        ],
        [
            928,
            0,
            10003
        ],
        [
            928,
            0,
            10011
        ],
        [
            1628,
            0,
            10004
        ],
        [
            1628,
            0,
            10017
        ],
        [
            1877,
            0,
            10005
        ],
        [
            1877,
            0,
            10012
        ],
        [
            1940,
            0,
            10006
        ],
        [
            1940,
            0,
            10016
        ],
        [
            4061,
            0,
            10007
        ],
        [
            4061,
            0,
            10001
        ],
        [
            4641,
            0,
            10008
        ],
        [
            4641,
            0,
            10014
        ]
    ],
    "events_id": {
        "\"Yes, I'm here\"": 10001,
        "+0.000000": 10002,
        "+116.331000": 10003,
        "+204.054000": 10004,
        "+234.862000": 10005,
        "+242.752000": 10006,
        "+508.018000": 10007,
        "+580.372000": 10008,
        "+77.115000": 10009,
        "A1+A2 OFF": 10010,
        "G19-20, 27-29": 10011,
        "G21, 27, 28": 10012,
        "Segment: REC START Temporal E": 10013,
        "offset": 10014,
        "onset": 10015,
        "speeds up": 10016,
        "talking": 10017
    },
    "length_recording": 653325,
    "model_params": {
        "method_to_use": "pinv",
        "numcores": 20,
        "perturbtype": "C",
        "radius": 1.5,
        "sfreq": 1000.0,
        "stepsize": 125,
        "tempdir": "/home/adam2392/hdd/derivatives/fragility/average/pt12/sub-pt12_ses-seizure_task-monitor_acq-ecog_run-02_proc-fragility_average_ieeg-tempdir",
        "winsize": 250
    },
    "numwins": 5225,
    "offsetwin": 4641,
    "onsetwin": 612,
    "output_fpath": "/home/adam2392/hdd/derivatives/fragility/average/pt12/sub-pt12_ses-presurgery_task-ictal_acq-ecog_run-02_proc-fragility_average_ieeg.json",
    "perturbation_matrix_shape": [
        54,
        5225
    ],
    "reference": "average",
    "sfreq": 1000.0,
    "state_matrix_shape": [
        54,
        54,
        5225
    ],
    "sz_offset_event_id": 10008,
    "sz_onset_event_id": 10009
}