{
    "ch_names": [
        "OF1",
        "OF2",
        "OF3",
        "OF4",
        "TT1",
        "TT2",
        "TT5",
        "TT6",
        "AST1",
        "AST2",
        "AST3",
        "AST4",
        "MST1",
        "MST2",
        "MST3",
        "MST4",
        "PST1",
        "TT3",
        "TT4",
        "PST2",
        "PST3",
        "PST4",
        "G1",
        "G2",
        "G3",
        "G4",
        "G5",
        "G6",
        "G7",
        "G8",
        "G9",
        "G10",
        "G11",
        "G12",
        "G13",
        "G14",
        "G15",
        "G16",
        "G19",
        "G20",
        "G21",
        "G22",
        "G23",
        "G24",
        "G27",
        "G28",
        "G29",
        "G30",
        "G31",
        "G32",
        "TO1",
        "TO2",
        "TO3",
        "TO4"
    ],
    "clin_onset_event_id": null,
    "clinonset_win": null,
    "delta_vectors_shape": [
        54,
        54,
        3049
    ],
    "events": [
        [
            0,
            0,
            10001
        ],
        [
            0,
            0,
            10009
        ],
        [
            0,
            0,
            10008
        ],
        [
            549,
            0,
            10005
        ],
        [
            549,
            0,
            10007
        ],
        [
            583,
            0,
            10006
        ],
        [
            583,
            0,
            10013
        ],
        [
            1252,
            0,
            10002
        ],
        [
            1252,
            0,
            10011
        ],
        [
            2443,
            0,
            10003
        ],
        [
            2443,
            0,
            10010
        ],
        [
            2506,
            0,
            10004
        ],
        [
            2506,
            0,
            10012
        ]
    ],
    "events_id": {
        "+0.000000": 10001,
        "+156.759000": 10002,
        "+305.580000": 10003,
        "+313.844000": 10004,
        "+69.085000": 10005,
        "+73.297000": 10006,
        "?": 10007,
        "A1+A2 OFF": 10008,
        "Segment: REC START Temporal E": 10009,
        "laughs at TV": 10010,
        "laughs with TV": 10011,
        "offset": 10012,
        "onset TT3": 10013
    },
    "length_recording": 381300,
    "model_params": {
        "method_to_use": "pinv",
        "numcores": 20,
        "perturbtype": "C",
        "radius": 1.5,
        "sfreq": 1000.0,
        "stepsize": 125,
        "tempdir": "/home/adam2392/hdd/derivatives/fragility/average/pt12/sub-pt12_ses-seizure_task-monitor_acq-ecog_run-01_proc-fragility_average_ieeg-tempdir",
        "winsize": 250
    },
    "numwins": 3049,
    "offsetwin": 2506,
    "onsetwin": 583,
    "output_fpath": "/home/adam2392/hdd/derivatives/fragility/average/pt12/sub-pt12_ses-presurgery_task-ictal_acq-ecog_run-01_proc-fragility_average_ieeg.json",
    "perturbation_matrix_shape": [
        54,
        3049
    ],
    "reference": "average",
    "sfreq": 1000.0,
    "state_matrix_shape": [
        54,
        54,
        3049
    ],
    "sz_offset_event_id": 10004,
    "sz_onset_event_id": 10006
}