{
    "band": "highgamma",
    "ch_names": [
        "OF1",
        "OF2",
        "OF3",
        "TT1",
        "TT2",
        "TT3",
        "TT4",
        "TT5",
        "TT6",
        "AST3",
        "AST4",
        "MST1",
        "MST2",
        "MST3",
        "MST4",
        "PST1",
        "PST2",
        "PST3",
        "PST4",
        "FP35",
        "AST1",
        "AST2",
        "FP36",
        "FP37",
        "FP38",
        "FP39",
        "FP40",
        "FP43",
        "FP44",
        "FP45",
        "FP46",
        "FP47",
        "FP48",
        "G3",
        "G4",
        "G5",
        "G6",
        "G7",
        "G8",
        "G11",
        "G12",
        "G13",
        "G14",
        "G15",
        "G16",
        "G20",
        "G21",
        "G22",
        "G23",
        "G24",
        "G28",
        "G29",
        "G30",
        "G31",
        "G32"
    ],
    "clin_onset_event_id": null,
    "events": [
        [
            0,
            0,
            1
        ],
        [
            0,
            0,
            11
        ],
        [
            0,
            0,
            9
        ],
        [
            84,
            0,
            7
        ],
        [
            84,
            0,
            14
        ],
        [
            150,
            0,
            8
        ],
        [
            150,
            0,
            15
        ],
        [
            223,
            0,
            2
        ],
        [
            223,
            0,
            12
        ],
        [
            334,
            0,
            3
        ],
        [
            334,
            0,
            17
        ],
        [
            336,
            0,
            4
        ],
        [
            336,
            0,
            10
        ],
        [
            382,
            0,
            5
        ],
        [
            382,
            0,
            13
        ],
        [
            566,
            0,
            6
        ],
        [
            566,
            0,
            16
        ]
    ],
    "events_id": {
        "+0.000000": 1,
        "+114.051000": 2,
        "+169.398000": 3,
        "+170.592000": 4,
        "+193.200000": 5,
        "+285.414000": 6,
        "+44.404000": 7,
        "+77.306000": 8,
        "A1+A2 OFF": 9,
        "Does not obey comman": 10,
        "Segment: REC START TomiPintle": 11,
        "hand automatisms": 12,
        "offset": 13,
        "onset": 14,
        "oral automatisms": 15,
        "reads": 16,
        "unable to say name": 17
    },
    "fmax": 300,
    "fmin": 90,
    "length_recording": 454894,
    "model_params": {
        "stepsize": 500,
        "winsize": 2500
    },
    "n_wins": 905,
    "output_fname": "sub-pt10_ses-presurgery_task-ictal_acq-ecog_run-01_proc-coh_freq-highgamma_ieeg.npz",
    "output_fpath": "/home/adam2392/hdd/derivatives/coherence/average/pt10/sub-pt10_ses-presurgery_task-ictal_acq-ecog_run-01_proc-coh_freq-highgamma_ieeg.npz",
    "reference": "average",
    "sfreq": 1000.0,
    "spectral_connectivity_matrix_shape": [
        55,
        55,
        905
    ],
    "sz_offset_event_id": 13,
    "sz_onset_event_id": 14
}