{
    "ch_names": [
        "RFT1",
        "RFT2",
        "RFT3",
        "RFT4",
        "RFT5",
        "RFT6",
        "RALT1",
        "RALT2",
        "RALT3",
        "RALT4",
        "RAST1",
        "RAST2",
        "RAST3",
        "RAST4",
        "RPST1",
        "RPST2",
        "RPST3",
        "RPST4",
        "RPLT1",
        "RPLT2",
        "RPLT3",
        "RALT5",
        "RALT6",
        "RPLT4",
        "RPLT5",
        "RPLT6",
        "RAH1",
        "RAH2",
        "RAH3",
        "RAH4",
        "RPH1",
        "RPH2",
        "RPH3",
        "RPH4",
        "RA1",
        "RA2",
        "RA3",
        "RA4",
        "LFT1",
        "LFT2",
        "LFT3",
        "LFT4",
        "LFT5",
        "LFT6",
        "LALT1",
        "LALT2",
        "LALT3",
        "LALT4",
        "LALT5",
        "LALT6",
        "LAST1",
        "LAST2",
        "LAST3",
        "LAST4",
        "LPST1",
        "LPST2",
        "LPST3",
        "LPST4",
        "LPLT2",
        "LPLT3",
        "LPLT4",
        "LPLT5",
        "LPT1",
        "LPT2",
        "LPT3",
        "LPT4",
        "LPT5",
        "LPT6",
        "LAH1",
        "LAH2",
        "LAH3",
        "LAH4",
        "LPH1",
        "LPH2",
        "LPH3",
        "LPH4",
        "LA1",
        "LA2",
        "LA3",
        "LA4"
    ],
    "clin_onset_event_id": 10004,
    "clinonset_win": 1354,
    "delta_vectors_shape": [
        80,
        80,
        3297
    ],
    "events": [
        [
            0,
            0,
            10001
        ],
        [
            0,
            0,
            10009
        ],
        [
            0,
            0,
            10007
        ],
        [
            1079,
            0,
            10002
        ],
        [
            1079,
            0,
            10010
        ],
        [
            1204,
            0,
            10003
        ],
        [
            1204,
            0,
            10013
        ],
        [
            1354,
            0,
            10004
        ],
        [
            1354,
            0,
            10011
        ],
        [
            1767,
            0,
            10005
        ],
        [
            1767,
            0,
            10008
        ],
        [
            2202,
            0,
            10006
        ],
        [
            2202,
            0,
            10012
        ]
    ],
    "events_id": {
        "+0.000000": 10001,
        "+135.187000": 10002,
        "+150.909000": 10003,
        "+169.690000": 10004,
        "+221.180000": 10005,
        "+275.599000": 10006,
        "A1+A2 OFF": 10007,
        "GTC": 10008,
        "Segment: REC START JOHNSON D": 10009,
        "asleep": 10010,
        "clinical onset": 10011,
        "offset": 10012,
        "sz": 10013
    },
    "length_recording": 412301,
    "model_params": {
        "method_to_use": "pinv",
        "numcores": 20,
        "perturbtype": "C",
        "radius": 1.5,
        "sfreq": 1000.0,
        "stepsize": 125,
        "tempdir": "/home/adam2392/hdd/derivatives/fragility/average/pt6/sub-pt6_ses-seizure_task-monitor_acq-seeg_run-02_proc-fragility_average_ieeg-tempdir",
        "winsize": 250
    },
    "numwins": 3297,
    "offsetwin": 2202,
    "onsetwin": 1204,
    "output_fpath": "/home/adam2392/hdd/derivatives/fragility/average/pt6/sub-pt6_ses-presurgery_task-ictal_acq-seeg_run-02_proc-fragility_average_ieeg.json",
    "perturbation_matrix_shape": [
        80,
        3297
    ],
    "reference": "average",
    "sfreq": 1000.0,
    "state_matrix_shape": [
        80,
        80,
        3297
    ],
    "sz_offset_event_id": 10006,
    "sz_onset_event_id": 10003
}