{
    "band": "alpha",
    "ch_names": [
        "W'1",
        "W'4",
        "W'7",
        "Z'1",
        "Z'7",
        "Z'8",
        "Z'9",
        "D'1",
        "W'9",
        "D'2",
        "D'3",
        "D'10",
        "P1",
        "P6",
        "P7",
        "P8",
        "W1",
        "W5",
        "W6",
        "W7",
        "W8",
        "Z1",
        "Z2",
        "Z7",
        "Z8",
        "X9",
        "S5",
        "S6",
        "S7",
        "S8",
        "V1",
        "V2",
        "V6",
        "V7",
        "V8",
        "O1",
        "O2",
        "O3",
        "O7",
        "O8",
        "O9",
        "O10",
        "D1",
        "D2",
        "D3",
        "D7",
        "D8",
        "D9",
        "D10",
        "F1",
        "F2",
        "F4",
        "F5",
        "F6",
        "F10",
        "B1",
        "B2",
        "A1",
        "A2",
        "A3",
        "A4",
        "A6",
        "A8",
        "A9",
        "A10",
        "E1",
        "E2",
        "E3",
        "E4",
        "E5",
        "E7",
        "E8",
        "E9"
    ],
    "clin_onset_event_id": null,
    "events": [
        [
            0,
            0,
            1
        ],
        [
            0,
            0,
            12
        ],
        [
            0,
            0,
            7
        ],
        [
            231,
            0,
            2
        ],
        [
            231,
            0,
            10
        ],
        [
            235,
            0,
            3
        ],
        [
            235,
            0,
            11
        ],
        [
            237,
            0,
            4
        ],
        [
            237,
            0,
            8
        ],
        [
            257,
            0,
            5
        ],
        [
            257,
            0,
            13
        ],
        [
            261,
            0,
            6
        ],
        [
            261,
            0,
            9
        ]
    ],
    "events_id": {
        "+0.000000": 1,
        "+117.711000": 2,
        "+120.033000": 3,
        "+120.898000": 4,
        "+130.774000": 5,
        "+132.948000": 6,
        "A1+A2 OFF": 7,
        "EEG onset": 8,
        "END": 9,
        "Patient was sleeping": 10,
        "SZ 5P": 11,
        "Segment: REC START Tech-Bi EE": 12,
        "Woke up": 13
    },
    "fmax": 13,
    "fmin": 8,
    "length_recording": 308000,
    "model_params": {
        "stepsize": 500,
        "winsize": 2500
    },
    "n_wins": 612,
    "output_fname": "sub-tvb1_ses-presurgery_task-ictal_acq-seeg_run-06_proc-cohcentrality_freq-alpha_ieeg.npz",
    "output_fpath": "/home/adam2392/hdd/derivatives/coherence-centrality/average/alpha/tvb1/sub-tvb1_ses-presurgery_task-ictal_acq-seeg_run-06_proc-cohcentrality_freq-alpha_ieeg.npz",
    "reference": "average",
    "sfreq": 1000.0,
    "spectral_connectivity_matrix_shape": [
        73,
        73,
        612
    ],
    "sz_offset_event_id": 9,
    "sz_onset_event_id": 8
}