{
    "ch_names": [
        "G1",
        "G2",
        "G3",
        "G4",
        "G5",
        "G6",
        "G7",
        "G8",
        "G9",
        "G10",
        "G13",
        "G14",
        "G15",
        "G16",
        "G18",
        "G19",
        "G20",
        "G21",
        "G22",
        "G23",
        "G11",
        "G12",
        "G24",
        "G26",
        "G27",
        "G28",
        "G29",
        "G30",
        "G31",
        "G32",
        "TT1",
        "TT2",
        "TT3",
        "TT4",
        "TT5",
        "TT6",
        "AST3",
        "AST4",
        "MST1",
        "MST2",
        "MST3",
        "MST4",
        "PST1",
        "PST2",
        "PST3",
        "PST4",
        "OF1",
        "OF2",
        "OF3",
        "OF4",
        "LF1",
        "LF2",
        "LF3",
        "LF4",
        "LF5",
        "LF6",
        "AST1",
        "AST2",
        "LP1",
        "LP2",
        "LP3",
        "LP4",
        "LP5",
        "LP6"
    ],
    "clin_onset_event_id": null,
    "clinonset_win": null,
    "delta_vectors_shape": [
        64,
        64,
        6985
    ],
    "events": [
        [
            0,
            0,
            10002
        ],
        [
            0,
            0,
            10012
        ],
        [
            0,
            0,
            10011
        ],
        [
            1077,
            0,
            10003
        ],
        [
            1077,
            0,
            10009
        ],
        [
            1117,
            0,
            10004
        ],
        [
            1117,
            0,
            10014
        ],
        [
            1286,
            0,
            10005
        ],
        [
            1286,
            0,
            10010
        ],
        [
            1292,
            0,
            10006
        ],
        [
            1292,
            0,
            10001
        ],
        [
            1501,
            0,
            10007
        ],
        [
            1501,
            0,
            10013
        ],
        [
            5892,
            0,
            10008
        ],
        [
            5892,
            0,
            10015
        ]
    ],
    "events_id": {
        "(based on EMG)": 10001,
        "+0.000000": 10002,
        "+135.000000": 10003,
        "+140.000000": 10004,
        "+161.000000": 10005,
        "+162.000000": 10006,
        "+188.000000": 10007,
        "+737.000000": 10008,
        "1st change": 10009,
        "?onset of facial aut": 10010,
        "A1+A2 OFF": 10011,
        "Segment: REC START Prater EEG": 10012,
        "arousal": 10013,
        "definite onset": 10014,
        "offset with attenuat": 10015
    },
    "length_recording": 873322,
    "model_params": {
        "method_to_use": "pinv",
        "numcores": 20,
        "perturbtype": "C",
        "radius": 1.5,
        "sfreq": 1000.0,
        "stepsize": 125,
        "tempdir": "/home/adam2392/hdd/derivatives/fragility/average/pt2/sub-pt2_ses-seizure_task-monitor_acq-ecog_run-03_proc-fragility_average_ieeg-tempdir",
        "winsize": 250
    },
    "numwins": 6985,
    "offsetwin": 5892,
    "onsetwin": 1286,
    "output_fpath": "/home/adam2392/hdd/derivatives/fragility/average/pt2/sub-pt2_ses-presurgery_task-ictal_acq-ecog_run-03_proc-fragility_average_ieeg.json",
    "perturbation_matrix_shape": [
        64,
        6985
    ],
    "reference": "average",
    "sfreq": 1000.0,
    "state_matrix_shape": [
        64,
        64,
        6985
    ],
    "sz_offset_event_id": 10008,
    "sz_onset_event_id": 10005
}