{
    "ch_names": [
        "OF1",
        "OF2",
        "OF3",
        "OF4",
        "TT1",
        "TT2",
        "TT5",
        "TT6",
        "AST1",
        "AST2",
        "AST3",
        "AST4",
        "MST1",
        "MST2",
        "MST3",
        "MST4",
        "PST1",
        "TT3",
        "TT4",
        "PST2",
        "PST3",
        "PST4",
        "G1",
        "G2",
        "G3",
        "G4",
        "G5",
        "G6",
        "G7",
        "G8",
        "G9",
        "G10",
        "G11",
        "G12",
        "G13",
        "G14",
        "G15",
        "G16",
        "G19",
        "G20",
        "G21",
        "G22",
        "G23",
        "G24",
        "G27",
        "G28",
        "G29",
        "G30",
        "G31",
        "G32",
        "TO1",
        "TO2",
        "TO3",
        "TO4"
    ],
    "clin_onset_event_id": null,
    "correlation_matrix_shape": [
        54,
        54,
        5225
    ],
    "events": [
        [
            0,
            0,
            2
        ],
        [
            0,
            0,
            13
        ],
        [
            0,
            0,
            10
        ],
        [
            612,
            0,
            9
        ],
        [
            612,
            0,
            15
        ],
        [
            928,
            0,
            3
        ],
        [
            928,
            0,
            11
        ],
        [
            1628,
            0,
            4
        ],
        [
            1628,
            0,
            17
        ],
        [
            1877,
            0,
            5
        ],
        [
            1877,
            0,
            12
        ],
        [
            1940,
            0,
            6
        ],
        [
            1940,
            0,
            16
        ],
        [
            4061,
            0,
            7
        ],
        [
            4061,
            0,
            1
        ],
        [
            4641,
            0,
            8
        ],
        [
            4641,
            0,
            14
        ]
    ],
    "events_id": {
        "\"Yes, I'm here\"": 1,
        "+0.000000": 2,
        "+116.331000": 3,
        "+204.054000": 4,
        "+234.862000": 5,
        "+242.752000": 6,
        "+508.018000": 7,
        "+580.372000": 8,
        "+77.115000": 9,
        "A1+A2 OFF": 10,
        "G19-20, 27-29": 11,
        "G21, 27, 28": 12,
        "Segment: REC START Temporal E": 13,
        "offset": 14,
        "onset": 15,
        "speeds up": 16,
        "talking": 17
    },
    "length_recording": 653325,
    "model_params": {
        "stepsize": 125,
        "winsize": 250
    },
    "n_wins": 5225,
    "output_fname": "sub-pt12_ses-presurgery_task-ictal_acq-ecog_run-02_proc-corrdegreee_ieeg.npz",
    "output_fpath": "/home/adam2392/hdd/derivatives/correlation/average/pt12/sub-pt12_ses-presurgery_task-ictal_acq-ecog_run-02_proc-corrdegreee_ieeg.npz",
    "reference": "average",
    "sfreq": 1000.0,
    "sz_offset_event_id": 14,
    "sz_onset_event_id": 15
}