{
    "band": "gamma",
    "ch_names": [
        "G1",
        "G2",
        "G3",
        "G4",
        "G7",
        "G8",
        "G9",
        "G10",
        "G13",
        "G14",
        "G15",
        "G16",
        "G17",
        "G18",
        "G19",
        "G20",
        "G21",
        "G22",
        "G23",
        "G11",
        "G12",
        "G24",
        "G25",
        "G26",
        "G27",
        "G28",
        "G29",
        "G30",
        "G31",
        "G32",
        "ATT1",
        "ATT2",
        "ATT3",
        "ATT4",
        "ATT5",
        "ATT6",
        "ATT7",
        "ATT8",
        "PLT1",
        "PLT2",
        "PLT3",
        "PLT4",
        "PLT5",
        "PLT6",
        "AST1",
        "AST2",
        "AST3",
        "AST4",
        "PST1",
        "PST2",
        "PST3",
        "PST4",
        "AD1",
        "AD2",
        "AD3",
        "AD4",
        "PD1",
        "PD2",
        "PD3",
        "PD4",
        "SF1",
        "SF2",
        "SF3",
        "SF4",
        "SF5",
        "SF6",
        "IF1",
        "IF2",
        "IF3",
        "IF4",
        "IF5",
        "IF6",
        "ILT1",
        "ILT2",
        "ILT3",
        "ILT4",
        "MLT1",
        "MLT2",
        "MLT3",
        "MLT4",
        "SLT1",
        "SLT2",
        "SLT3",
        "SLT4"
    ],
    "clin_onset_event_id": null,
    "clin_onset_win": null,
    "events": [
        [
            0,
            0,
            1
        ],
        [
            0,
            0,
            10
        ],
        [
            0,
            0,
            8
        ],
        [
            205,
            0,
            2
        ],
        [
            205,
            0,
            7
        ],
        [
            213,
            0,
            3
        ],
        [
            213,
            0,
            13
        ],
        [
            229,
            0,
            4
        ],
        [
            229,
            0,
            11
        ],
        [
            237,
            0,
            5
        ],
        [
            237,
            0,
            9
        ],
        [
            541,
            0,
            6
        ],
        [
            541,
            0,
            12
        ]
    ],
    "events_id": {
        "+0.000000": 1,
        "+105.000000": 2,
        "+109.000000": 3,
        "+117.000000": 4,
        "+121.000000": 5,
        "+273.000000": 6,
        "1ST CHANGE": 7,
        "A1+A2 OFF": 8,
        "L hd turn, L arm fle": 9,
        "Segment: REC START Kelly EEG": 10,
        "i'm having sz": 11,
        "offset": 12,
        "onset": 13
    },
    "fmax": 90,
    "fmin": 30,
    "length_recording": 371070,
    "model_params": {
        "stepsize": 500,
        "winsize": 2500
    },
    "n_wins": 738,
    "output_fname": "sub-pt1_ses-presurgery_task-ictal_acq-ecog_run-03_proc-cohdegree_freq-gamma_ieeg.npz",
    "output_fpath": "/home/adam2392/hdd/derivatives/coherence-degree/average/pt1/sub-pt1_ses-presurgery_task-ictal_acq-ecog_run-03_proc-cohdegree_freq-gamma_ieeg.npz",
    "reference": "average",
    "sfreq": 1000.0,
    "spectral_connectivity_matrix_shape": [
        84,
        84,
        738
    ],
    "sz_offset_event_id": 12,
    "sz_offset_win": 541,
    "sz_onset_event_id": 13,
    "sz_onset_win": 213
}