{
    "ch_names": [
        "W'1",
        "W'4",
        "W'7",
        "Z'1",
        "Z'7",
        "Z'8",
        "Z'9",
        "D'1",
        "W'9",
        "D'2",
        "D'3",
        "D'10",
        "P1",
        "P6",
        "P7",
        "P8",
        "W1",
        "W5",
        "W6",
        "W7",
        "W8",
        "Z1",
        "Z2",
        "Z7",
        "Z8",
        "X9",
        "S5",
        "S6",
        "S7",
        "S8",
        "V1",
        "V2",
        "V6",
        "V7",
        "V8",
        "O1",
        "O2",
        "O3",
        "O7",
        "O8",
        "O9",
        "O10",
        "D1",
        "D2",
        "D3",
        "D7",
        "D8",
        "D9",
        "D10",
        "F1",
        "F2",
        "F4",
        "F5",
        "F6",
        "F10",
        "B1",
        "B2",
        "A1",
        "A2",
        "A3",
        "A4",
        "A6",
        "A8",
        "A9",
        "A10",
        "E1",
        "E2",
        "E3",
        "E4",
        "E5",
        "E7",
        "E8",
        "E9"
    ],
    "clinonset_win": null,
    "delta_vectors_shape": [
        73,
        73,
        5759
    ],
    "events": [
        [
            0,
            0,
            1
        ],
        [
            0,
            0,
            13
        ],
        [
            0,
            0,
            7
        ],
        [
            961,
            0,
            2
        ],
        [
            961,
            0,
            12
        ],
        [
            984,
            0,
            3
        ],
        [
            984,
            0,
            10
        ],
        [
            1016,
            0,
            4
        ],
        [
            1016,
            0,
            11
        ],
        [
            1048,
            0,
            5
        ],
        [
            1048,
            0,
            8
        ],
        [
            1163,
            0,
            6
        ],
        [
            1163,
            0,
            9
        ]
    ],
    "events_id": {
        "+0.000000": 1,
        "+120.424000": 2,
        "+123.308000": 3,
        "+127.357000": 4,
        "+131.310000": 5,
        "+145.659000": 6,
        "A1+A2 OFF": 7,
        "END": 8,
        "Fast overriding spik": 9,
        "P_COMMENT": 10,
        "Press the spell?": 11,
        "SZ 3A": 12,
        "Segment: REC START Tech-Bi EE": 13
    },
    "length_recording": 720000,
    "model_params": {
        "method_to_use": "pinv",
        "numcores": 20,
        "perturbtype": "C",
        "radius": 1.5,
        "sfreq": 1000.0,
        "stepsize": 125,
        "tempdir": "/home/adam2392/hdd/derivatives/fragility/average/tvb1/sub-tvb1_ses-presurgery_task-ictal_acq-seeg_run-04_proc-fragility_average_ieeg-tempdir",
        "winsize": 250
    },
    "numwins": 5759,
    "offsetwin": null,
    "onsetwin": null,
    "output_fpath": "/home/adam2392/hdd/derivatives/fragility/average/tvb1/sub-tvb1_ses-presurgery_task-ictal_acq-seeg_run-04_proc-fragility_average_ieeg.npz",
    "perturbation_matrix_shape": [
        73,
        5759
    ],
    "reference": "average",
    "sfreq": 1000.0,
    "state_matrix_shape": [
        73,
        73,
        5759
    ]
}