{
    "ch_names": [
        "C'3",
        "C'4",
        "C'5",
        "C'6",
        "C'8",
        "C'11",
        "C'12",
        "C'13",
        "C'14",
        "F'1",
        "F'2",
        "F'3",
        "F'4",
        "F'5",
        "F'6",
        "F'7",
        "F'8",
        "F'9",
        "U'2",
        "U'3",
        "U'4",
        "U'5",
        "U'6",
        "U'7",
        "U'8",
        "U'9",
        "U'10",
        "B'1",
        "B'2",
        "B'3",
        "B'4",
        "B'6",
        "B'7",
        "B'8",
        "B'9",
        "B'10",
        "B'11",
        "B'12",
        "A'1",
        "A'2",
        "A'3",
        "A'4",
        "A'5",
        "A'9",
        "A'10",
        "A'11",
        "A'12",
        "E'1",
        "E'2",
        "E'3",
        "E'4",
        "E'5",
        "E'6",
        "E'7",
        "E'8",
        "E'9",
        "E'10",
        "E'11",
        "E'12",
        "I'1",
        "I'2",
        "I'3",
        "I'4",
        "I'5",
        "I'6",
        "I'7",
        "I'8",
        "T'1",
        "T'2",
        "T'3",
        "T'4",
        "T'5",
        "T'6",
        "T'7",
        "X'1",
        "X'2",
        "X'3",
        "X'4",
        "X'9",
        "X'10",
        "X'11",
        "X'12",
        "X'13",
        "X'14",
        "X'15",
        "X'16",
        "Y'1",
        "Y'2",
        "Y'11",
        "Y'12",
        "Y'13"
    ],
    "clin_onset_event_id": 8,
    "correlation_matrix_shape": [
        91,
        91,
        2751
    ],
    "events": [
        [
            0,
            0,
            1
        ],
        [
            0,
            0,
            12
        ],
        [
            0,
            0,
            7
        ],
        [
            962,
            0,
            2
        ],
        [
            962,
            0,
            11
        ],
        [
            987,
            0,
            3
        ],
        [
            987,
            0,
            9
        ],
        [
            1012,
            0,
            4
        ],
        [
            1012,
            0,
            8
        ],
        [
            1090,
            0,
            5
        ],
        [
            1090,
            0,
            13
        ],
        [
            1398,
            0,
            6
        ],
        [
            1398,
            0,
            10
        ]
    ],
    "events_id": {
        "+0.000000": 1,
        "+120.586000": 2,
        "+123.591000": 3,
        "+126.767000": 4,
        "+136.505000": 5,
        "+174.995000": 6,
        "A1+A2 OFF": 7,
        "Clin Onset": 8,
        "EEG Onset": 9,
        "EEG Seizure End": 10,
        "SZ 1P": 11,
        "Segment: REC START Tech-Bi EE": 12,
        "Tapping the right kn": 13
    },
    "length_recording": 344000,
    "model_params": {
        "stepsize": 125,
        "winsize": 250
    },
    "n_wins": 2751,
    "output_fname": "sub-nl08_ses-presurgery_task-ictal_acq-seeg_run-01_proc-corrdegreee_ieeg.npz",
    "output_fpath": "/home/adam2392/hdd/derivatives/correlation/average/nl08/sub-nl08_ses-presurgery_task-ictal_acq-seeg_run-01_proc-corrdegreee_ieeg.npz",
    "reference": "average",
    "sfreq": 1000.0,
    "sz_offset_event_id": null,
    "sz_onset_event_id": 9
}