{
    "band": "theta",
    "ch_names": [
        "W'1",
        "W'4",
        "W'7",
        "Z'1",
        "Z'7",
        "Z'8",
        "Z'9",
        "D'1",
        "W'9",
        "D'2",
        "D'3",
        "D'10",
        "P1",
        "P6",
        "P7",
        "P8",
        "W1",
        "W5",
        "W6",
        "W7",
        "W8",
        "Z1",
        "Z2",
        "Z7",
        "Z8",
        "X9",
        "S5",
        "S6",
        "S7",
        "S8",
        "V1",
        "V2",
        "V6",
        "V7",
        "V8",
        "O1",
        "O2",
        "O3",
        "O7",
        "O8",
        "O9",
        "O10",
        "D1",
        "D2",
        "D3",
        "D7",
        "D8",
        "D9",
        "D10",
        "F1",
        "F2",
        "F4",
        "F5",
        "F6",
        "F10",
        "B1",
        "B2",
        "A1",
        "A2",
        "A3",
        "A4",
        "A6",
        "A8",
        "A9",
        "A10",
        "E1",
        "E2",
        "E3",
        "E4",
        "E5",
        "E7",
        "E8",
        "E9"
    ],
    "clin_onset_event_id": null,
    "events": [
        [
            0,
            0,
            1
        ],
        [
            0,
            0,
            14
        ],
        [
            0,
            0,
            8
        ],
        [
            236,
            0,
            2
        ],
        [
            236,
            0,
            13
        ],
        [
            268,
            0,
            3
        ],
        [
            268,
            0,
            16
        ],
        [
            268,
            0,
            15
        ],
        [
            276,
            0,
            4
        ],
        [
            276,
            0,
            10
        ],
        [
            326,
            0,
            5
        ],
        [
            326,
            0,
            11
        ],
        [
            334,
            0,
            6
        ],
        [
            334,
            0,
            12
        ],
        [
            390,
            0,
            7
        ],
        [
            390,
            0,
            9
        ]
    ],
    "events_id": {
        "+0.000000": 1,
        "+120.270000": 2,
        "+136.208000": 3,
        "+140.607000": 4,
        "+165.227000": 5,
        "+169.542000": 6,
        "+197.140000": 7,
        "A1+A2 OFF": 8,
        "Don't know if feelin": 9,
        "Fidgeting": 10,
        "Not following to poi": 11,
        "Repeat house": 12,
        "SZ 11P": 13,
        "Segment: REC START Tech-Bi EE": 14,
        "Woke up": 15,
        "end": 16
    },
    "fmax": 8,
    "fmin": 4,
    "length_recording": 285120,
    "model_params": {
        "stepsize": 500,
        "winsize": 2500
    },
    "n_wins": 566,
    "output_fname": "sub-tvb1_ses-presurgery_task-ictal_acq-seeg_run-01_proc-cohcentrality_freq-theta_ieeg.npz",
    "output_fpath": "/home/adam2392/hdd/derivatives/coherence-centrality/average/theta/tvb1/sub-tvb1_ses-presurgery_task-ictal_acq-seeg_run-01_proc-cohcentrality_freq-theta_ieeg.npz",
    "reference": "average",
    "sfreq": 1000.0,
    "spectral_connectivity_matrix_shape": [
        73,
        73,
        566
    ],
    "sz_offset_event_id": 16,
    "sz_onset_event_id": 13
}