{
    "band": "highgamma",
    "ch_names": [
        "G3",
        "G4",
        "G5",
        "G6",
        "G7",
        "G8",
        "G11",
        "G12",
        "G15",
        "G16",
        "G19",
        "G20",
        "G21",
        "G22",
        "G23",
        "G24",
        "G27",
        "G28",
        "G29",
        "G13",
        "G14",
        "G30",
        "G31",
        "G32",
        "TT1",
        "TT2",
        "TT3",
        "TT4",
        "TT6",
        "AST1",
        "AST2",
        "AST3",
        "AST4",
        "MST1",
        "MST2",
        "MST3",
        "MST4",
        "PST1",
        "PST2",
        "PPST1",
        "PPST2",
        "PPST3",
        "PPST4",
        "TO1",
        "TO2",
        "TO3",
        "TO4",
        "TO5",
        "TO6",
        "TP1",
        "TP2",
        "TP3",
        "TP4",
        "TP5",
        "TP6",
        "OF1",
        "OF3",
        "OF4",
        "LIF1",
        "LIF2",
        "LIF3",
        "LIF4",
        "LIF5",
        "LIF6",
        "LSF1",
        "LSF2",
        "LSF3",
        "LSF4",
        "LSF5",
        "LSF6",
        "LSF7"
    ],
    "clin_onset_event_id": null,
    "clin_onset_win": null,
    "events": [
        [
            0,
            0,
            1
        ],
        [
            0,
            0,
            15
        ],
        [
            0,
            0,
            9
        ],
        [
            209,
            0,
            2
        ],
        [
            209,
            0,
            17
        ],
        [
            211,
            0,
            3
        ],
        [
            211,
            0,
            10
        ],
        [
            297,
            0,
            4
        ],
        [
            297,
            0,
            13
        ],
        [
            305,
            0,
            5
        ],
        [
            305,
            0,
            16
        ],
        [
            305,
            0,
            6
        ],
        [
            305,
            0,
            14
        ],
        [
            534,
            0,
            7
        ],
        [
            534,
            0,
            11
        ],
        [
            1273,
            0,
            8
        ],
        [
            1273,
            0,
            12
        ]
    ],
    "events_id": {
        "+0.000000": 1,
        "+107.017000": 2,
        "+107.965000": 3,
        "+150.957000": 4,
        "+154.741000": 5,
        "+155.161000": 6,
        "+269.178000": 7,
        "+638.832000": 8,
        "A1+A2 OFF": 9,
        "Check": 10,
        "OFFSET": 11,
        "Offset": 12,
        "Onset": 13,
        "PST2, TT1": 14,
        "Segment: REC START Meyeroff E": 15,
        "Seizure #1": 16,
        "attenuation": 17
    },
    "fmax": 300,
    "fmin": 90,
    "length_recording": 640026,
    "model_params": {
        "stepsize": 500,
        "winsize": 2500
    },
    "n_wins": 1276,
    "output_fname": "sub-pt15_ses-presurgery_task-ictal_acq-ecog_run-01_proc-cohdegree_freq-highgamma_ieeg.npz",
    "output_fpath": "/home/adam2392/hdd/derivatives/coherence-degree/average/pt15/sub-pt15_ses-presurgery_task-ictal_acq-ecog_run-01_proc-cohdegree_freq-highgamma_ieeg.npz",
    "reference": "average",
    "sfreq": 1000.0,
    "spectral_connectivity_matrix_shape": [
        71,
        71,
        1276
    ],
    "sz_offset_event_id": 11,
    "sz_offset_win": 534,
    "sz_onset_event_id": 13,
    "sz_onset_win": 297
}