{
    "ch_names": [
        "MFP1",
        "MFP2",
        "MFP3",
        "MFP4",
        "LFP1",
        "LFP2",
        "LFP5",
        "LSF1",
        "LSF2",
        "LSF3",
        "LSF4",
        "LSF5",
        "LSF6",
        "MT1",
        "LFP3",
        "LFP4",
        "MT2",
        "MT3",
        "MT4",
        "MT5",
        "MT6",
        "G1",
        "G2",
        "G3",
        "G4",
        "G5",
        "G6",
        "G7",
        "G8",
        "G9",
        "G10",
        "G11",
        "G12",
        "G13",
        "G14",
        "G15",
        "G16",
        "G17",
        "G18",
        "G19",
        "G20",
        "G21",
        "G22",
        "G23",
        "G24",
        "G25",
        "G26",
        "G27",
        "G28",
        "G29",
        "G30",
        "G31",
        "G32",
        "G37",
        "G38",
        "G39",
        "G40",
        "G41",
        "G42",
        "G43",
        "G44",
        "G45",
        "G46",
        "G47",
        "G48",
        "G51",
        "G52",
        "G53",
        "G54",
        "G55",
        "G56",
        "G60",
        "G61",
        "G62",
        "G63",
        "G64",
        "PF1",
        "PF2",
        "PF3",
        "PF4",
        "PF5",
        "PF6",
        "AT1",
        "AT2",
        "AT3",
        "AT4",
        "AT5",
        "AT6",
        "PT1",
        "PT2",
        "PT3",
        "PT4",
        "PT5",
        "PT6"
    ],
    "clin_onset_event_id": 8,
    "clin_onset_win": 737,
    "events": [
        [
            0,
            0,
            1
        ],
        [
            0,
            0,
            7
        ],
        [
            0,
            0,
            6
        ],
        [
            709,
            0,
            4
        ],
        [
            709,
            0,
            11
        ],
        [
            737,
            0,
            5
        ],
        [
            737,
            0,
            8
        ],
        [
            803,
            0,
            2
        ],
        [
            803,
            0,
            9
        ],
        [
            956,
            0,
            3
        ],
        [
            956,
            0,
            10
        ]
    ],
    "events_id": {
        "+0.000000": 1,
        "+100.829000": 2,
        "+119.812000": 3,
        "+88.912000": 4,
        "+92.371000": 5,
        "A1+A2 OFF": 6,
        "Segment: REC START Naula Ref": 7,
        "clincial osnet": 8,
        "fast temporal and fr": 9,
        "offset": 10,
        "onset": 11
    },
    "freq_band": [
        0.5,
        4
    ],
    "length_recording": 229064,
    "model_params": {
        "fmax": 300,
        "fmin": 0.5,
        "n_fft": 250
    },
    "n_wins": 1831,
    "output_fname": "sub-pt7_ses-presurgery_task-ictal_acq-ecog_run-01_proc-tfr_ieeg.h5",
    "reference": "average",
    "sfreq": 1000.0,
    "sz_offset_event_id": 10,
    "sz_offset_win": 956,
    "sz_onset_event_id": 11,
    "sz_onset_win": 709,
    "tfr_matrix_shape": [
        94,
        75,
        1831
    ]
}