{
    "band": "highgamma",
    "ch_names": [
        "G1",
        "G2",
        "G3",
        "G4",
        "G7",
        "G8",
        "G9",
        "G10",
        "G13",
        "G14",
        "G15",
        "G16",
        "G17",
        "G18",
        "G19",
        "G20",
        "G21",
        "G22",
        "G23",
        "G11",
        "G12",
        "G24",
        "G25",
        "G26",
        "G27",
        "G28",
        "G29",
        "G30",
        "G31",
        "G32",
        "ATT1",
        "ATT2",
        "ATT3",
        "ATT4",
        "ATT5",
        "ATT6",
        "ATT7",
        "ATT8",
        "PLT1",
        "PLT2",
        "PLT3",
        "PLT4",
        "PLT5",
        "PLT6",
        "AST1",
        "AST2",
        "AST3",
        "AST4",
        "PST1",
        "PST2",
        "PST3",
        "PST4",
        "AD1",
        "AD2",
        "AD3",
        "AD4",
        "PD1",
        "PD2",
        "PD3",
        "PD4",
        "SF1",
        "SF2",
        "SF3",
        "SF4",
        "SF5",
        "SF6",
        "IF1",
        "IF2",
        "IF3",
        "IF4",
        "IF5",
        "IF6",
        "ILT1",
        "ILT2",
        "ILT3",
        "ILT4",
        "MLT1",
        "MLT2",
        "MLT3",
        "MLT4",
        "SLT1",
        "SLT2",
        "SLT3",
        "SLT4"
    ],
    "clin_onset_event_id": null,
    "events": [
        [
            0,
            0,
            1
        ],
        [
            0,
            0,
            12
        ],
        [
            0,
            0,
            9
        ],
        [
            175,
            0,
            6
        ],
        [
            175,
            0,
            8
        ],
        [
            181,
            0,
            7
        ],
        [
            181,
            0,
            10
        ],
        [
            197,
            0,
            2
        ],
        [
            197,
            0,
            15
        ],
        [
            211,
            0,
            3
        ],
        [
            211,
            0,
            11
        ],
        [
            347,
            0,
            4
        ],
        [
            347,
            0,
            13
        ],
        [
            357,
            0,
            5
        ],
        [
            357,
            0,
            14
        ]
    ],
    "events_id": {
        "+0.000000": 1,
        "+101.000000": 2,
        "+108.000000": 3,
        "+176.000000": 4,
        "+181.000000": 5,
        "+90.000000": 6,
        "+93.000000": 7,
        "1st change": 8,
        "A1+A2 OFF": 9,
        "AD1-3 onset": 10,
        "L arm flexed, R auto": 11,
        "Segment: REC START Kelly EEG": 12,
        "not following comman": 13,
        "offset": 14,
        "think i'm having sz": 15
    },
    "fmax": 300,
    "fmin": 90,
    "length_recording": 355260,
    "model_params": {
        "stepsize": 500,
        "winsize": 2500
    },
    "n_wins": 706,
    "output_fname": "sub-pt1_ses-presurgery_task-ictal_acq-ecog_run-02_proc-coh_freq-highgamma_ieeg.npz",
    "output_fpath": "/home/adam2392/hdd/derivatives/coherence/average/highgamma/pt1/sub-pt1_ses-presurgery_task-ictal_acq-ecog_run-02_proc-coh_freq-highgamma_ieeg.npz",
    "reference": "average",
    "sfreq": 1000.0,
    "spectral_connectivity_matrix_shape": [
        84,
        84,
        706
    ],
    "sz_offset_event_id": 14,
    "sz_onset_event_id": 10
}