{
    "band": "delta",
    "ch_names": [
        "M1",
        "M2",
        "M3",
        "M7",
        "M8",
        "M11",
        "M12",
        "M13",
        "N1",
        "N2",
        "N4",
        "N5",
        "N6",
        "N7",
        "M9",
        "M10",
        "N8",
        "N9",
        "N10",
        "N11",
        "P1",
        "P2",
        "P3",
        "P4",
        "P5",
        "P7",
        "P8",
        "P9",
        "P11",
        "P12",
        "P13",
        "P14",
        "W1",
        "W2",
        "W3",
        "W4",
        "W5",
        "W6",
        "W7",
        "W8",
        "W9",
        "W10",
        "W11",
        "W12",
        "W13",
        "W14",
        "W15",
        "X1",
        "X2",
        "X3",
        "X13",
        "X14",
        "X15",
        "X16",
        "Y1",
        "Y2",
        "Y3",
        "Y4",
        "Y9",
        "Y10",
        "Y11",
        "Y16",
        "Z1",
        "Z2",
        "Z3",
        "Z4",
        "Z5",
        "Z6",
        "Z12",
        "Z13",
        "S8",
        "S9",
        "R1",
        "R2",
        "R3",
        "R4",
        "R5",
        "R6",
        "R8",
        "Q1",
        "Q2",
        "Q3",
        "Q4",
        "Q6",
        "Q7",
        "Q8",
        "Q9",
        "Q10",
        "D1",
        "D2",
        "D3",
        "D4",
        "D5",
        "D6",
        "D7",
        "D8",
        "D9",
        "D10",
        "B1",
        "B2",
        "B3",
        "B4",
        "B5",
        "B12",
        "B13",
        "U2",
        "U3",
        "U4",
        "U10",
        "F1",
        "F2",
        "F3",
        "F4",
        "F5",
        "F6",
        "F7",
        "F8",
        "F9",
        "F10",
        "I1",
        "I2",
        "I3",
        "I4",
        "I5",
        "I6",
        "I7",
        "I8",
        "I9",
        "I10"
    ],
    "clin_onset_event_id": null,
    "events": [
        [
            137,
            0,
            1
        ],
        [
            137,
            0,
            5
        ],
        [
            162,
            0,
            2
        ],
        [
            162,
            0,
            4
        ],
        [
            168,
            0,
            3
        ],
        [
            168,
            0,
            6
        ]
    ],
    "events_id": {
        "+227.749000": 1,
        "+240.626000": 2,
        "+243.048000": 3,
        "OPEN EYES": 4,
        "SZ 27P": 5,
        "end": 6
    },
    "fmax": 4,
    "fmin": 0.5,
    "length_recording": 163214,
    "model_params": {
        "stepsize": 500,
        "winsize": 2500
    },
    "n_wins": 322,
    "output_fname": "sub-la22_ses-presurgery_task-ictal_acq-seeg_run-02_proc-coh_freq-delta_ieeg.npz",
    "output_fpath": "/home/adam2392/hdd/derivatives/coherence/average/la22/sub-la22_ses-presurgery_task-ictal_acq-seeg_run-02_proc-coh_freq-delta_ieeg.npz",
    "reference": "average",
    "sfreq": 1000.0,
    "spectral_connectivity_matrix_shape": [
        129,
        129,
        322
    ],
    "sz_offset_event_id": 6,
    "sz_onset_event_id": 5
}