{
    "band": "theta",
    "ch_names": [
        "G3",
        "G4",
        "G5",
        "G6",
        "G7",
        "G8",
        "G11",
        "G12",
        "G15",
        "G16",
        "G19",
        "G20",
        "G21",
        "G22",
        "G23",
        "G24",
        "G27",
        "G28",
        "G29",
        "G13",
        "G14",
        "G30",
        "G31",
        "G32",
        "TT1",
        "TT2",
        "TT3",
        "TT4",
        "TT6",
        "AST1",
        "AST2",
        "AST3",
        "AST4",
        "MST1",
        "MST2",
        "MST3",
        "MST4",
        "PST1",
        "PST2",
        "PPST1",
        "PPST2",
        "PPST3",
        "PPST4",
        "TO1",
        "TO2",
        "TO3",
        "TO4",
        "TO5",
        "TO6",
        "TP1",
        "TP2",
        "TP3",
        "TP4",
        "TP5",
        "TP6",
        "OF1",
        "OF3",
        "OF4",
        "LIF1",
        "LIF2",
        "LIF3",
        "LIF4",
        "LIF5",
        "LIF6",
        "LSF1",
        "LSF2",
        "LSF3",
        "LSF4",
        "LSF5",
        "LSF6",
        "LSF7"
    ],
    "clin_onset_event_id": null,
    "clin_onset_win": null,
    "events": [
        [
            0,
            0,
            1
        ],
        [
            0,
            0,
            12
        ],
        [
            0,
            0,
            10
        ],
        [
            190,
            0,
            7
        ],
        [
            190,
            0,
            9
        ],
        [
            205,
            0,
            2
        ],
        [
            205,
            0,
            8
        ],
        [
            226,
            0,
            3
        ],
        [
            226,
            0,
            11
        ],
        [
            227,
            0,
            4
        ],
        [
            227,
            0,
            15
        ],
        [
            709,
            0,
            5
        ],
        [
            709,
            0,
            14
        ],
        [
            762,
            0,
            6
        ],
        [
            762,
            0,
            13
        ]
    ],
    "events_id": {
        "+0.000000": 1,
        "+105.200000": 2,
        "+115.531000": 3,
        "+115.645000": 4,
        "+356.823000": 5,
        "+383.476000": 6,
        "+97.482000": 7,
        "1st change attenuati": 8,
        "?": 9,
        "A1+A2 OFF": 10,
        "Onset": 11,
        "Segment: REC START Meyeroff E": 12,
        "definite off": 13,
        "possible off": 14,
        "sz onset #3": 15
    },
    "fmax": 8,
    "fmin": 4,
    "length_recording": 519147,
    "model_params": {
        "stepsize": 500,
        "winsize": 2500
    },
    "n_wins": 1034,
    "output_fname": "sub-pt15_ses-presurgery_task-ictal_acq-ecog_run-03_proc-cohcentrality_freq-theta_ieeg.npz",
    "output_fpath": "/home/adam2392/hdd/derivatives/coherence-centrality/average/pt15/sub-pt15_ses-presurgery_task-ictal_acq-ecog_run-03_proc-cohcentrality_freq-theta_ieeg.npz",
    "reference": "average",
    "sfreq": 1000.0,
    "spectral_connectivity_matrix_shape": [
        71,
        71,
        1034
    ],
    "sz_offset_event_id": 13,
    "sz_offset_win": 762,
    "sz_onset_event_id": 11,
    "sz_onset_win": 226
}