{
    "ch_names": [
        "S1",
        "S4",
        "S5",
        "S6",
        "S7",
        "S8",
        "S11",
        "H1",
        "H2",
        "H4",
        "H5",
        "H6",
        "H7",
        "S9",
        "S10",
        "H8",
        "M1",
        "M2",
        "M5",
        "M6",
        "M7",
        "M8",
        "M9",
        "M10",
        "M11",
        "M12",
        "N1",
        "N2",
        "N3",
        "N4",
        "N5",
        "N6",
        "N7",
        "N9",
        "P1",
        "P2",
        "P3",
        "P4",
        "P5",
        "P6",
        "P7",
        "P8",
        "P9",
        "P10",
        "P11",
        "P12",
        "Y1",
        "Y2",
        "Y3",
        "Y4",
        "Y8",
        "Y9",
        "Y10",
        "Y11",
        "Y12",
        "Y13",
        "Y14",
        "Z1",
        "Z2",
        "Z3",
        "Z7",
        "Z8",
        "Z9",
        "Z10",
        "Z11",
        "Z12",
        "Z13",
        "Z14",
        "X1",
        "X2",
        "X8",
        "X9",
        "X10",
        "X11",
        "X12",
        "X13",
        "X14"
    ],
    "clin_onset_event_id": 7,
    "clin_onset_win": 3346,
    "events": [
        [
            0,
            0,
            1
        ],
        [
            0,
            0,
            10
        ],
        [
            0,
            0,
            6
        ],
        [
            955,
            0,
            2
        ],
        [
            955,
            0,
            9
        ],
        [
            957,
            0,
            3
        ],
        [
            957,
            0,
            8
        ],
        [
            3346,
            0,
            4
        ],
        [
            3346,
            0,
            7
        ],
        [
            3358,
            0,
            5
        ],
        [
            3358,
            0,
            10
        ],
        [
            3358,
            0,
            6
        ]
    ],
    "events_id": {
        "+0.000000": 1,
        "+119.644000": 2,
        "+119.841000": 3,
        "+418.520000": 4,
        "+420.000000": 5,
        "A1+A2 OFF": 6,
        "Clin&EEG End": 7,
        "Clin&EEG Onset": 8,
        "SZ 2P": 9,
        "Segment: REC START Tech-Bi EE": 10
    },
    "freq_band": [
        0.5,
        4
    ],
    "length_recording": 421070,
    "model_params": {
        "fmax": 300,
        "fmin": 0.5,
        "n_fft": 250
    },
    "n_wins": 3367,
    "output_fname": "sub-nl22_ses-presurgery_task-ictal_acq-seeg_run-07_proc-tfr_ieeg.h5",
    "reference": "average",
    "sfreq": 1000.0,
    "sz_offset_event_id": 7,
    "sz_offset_win": 3346,
    "sz_onset_event_id": 8,
    "sz_onset_win": 957,
    "tfr_matrix_shape": [
        77,
        75,
        3367
    ]
}