{
    "ch_names": [
        "P1",
        "P2",
        "P3",
        "P11",
        "P12",
        "P13",
        "P14",
        "P15",
        "W1",
        "W2",
        "W7",
        "W8",
        "W13",
        "W14",
        "W15",
        "V1",
        "V2",
        "V3",
        "V4",
        "V5",
        "V6",
        "V9",
        "V10",
        "V13",
        "V14",
        "V15",
        "Z1",
        "Z13",
        "Z14",
        "C1",
        "C2",
        "C3",
        "C4",
        "C5",
        "C6",
        "C10",
        "C11",
        "C12",
        "C13",
        "C16",
        "F1",
        "F2",
        "F3",
        "F4",
        "F6",
        "F8",
        "F9",
        "F11",
        "F12",
        "U1",
        "U2",
        "U3",
        "U4",
        "U5",
        "U6",
        "U7",
        "U8",
        "U9",
        "U10",
        "S2",
        "S3",
        "S4",
        "S5",
        "S6",
        "S10",
        "R2",
        "R3",
        "R4",
        "R6",
        "R7",
        "R8",
        "Y1",
        "Y2",
        "Y3",
        "Y11",
        "Y12",
        "Y13",
        "Y14",
        "R'2",
        "R'3",
        "R'4",
        "R'5",
        "R'6",
        "R'7",
        "R'8",
        "R'9",
        "X'1",
        "X'9",
        "X'10",
        "X5",
        "X6",
        "X7",
        "X8",
        "X10",
        "A1",
        "A2",
        "A3",
        "A4",
        "O14",
        "O15",
        "O16",
        "L1",
        "L2",
        "L3",
        "L4",
        "L5",
        "L7",
        "L8",
        "L9"
    ],
    "clin_onset_event_id": 6,
    "clin_onset_win": 956,
    "events": [
        [
            0,
            0,
            1
        ],
        [
            0,
            0,
            9
        ],
        [
            0,
            0,
            5
        ],
        [
            956,
            0,
            2
        ],
        [
            956,
            0,
            6
        ],
        [
            958,
            0,
            3
        ],
        [
            958,
            0,
            8
        ],
        [
            3567,
            0,
            4
        ],
        [
            3567,
            0,
            7
        ]
    ],
    "events_id": {
        "+0.000000": 1,
        "+119.817000": 2,
        "+119.896000": 3,
        "+446.050000": 4,
        "A1+A2 OFF": 5,
        "Clin&EEG Onset": 6,
        "No Clear End": 7,
        "SZ 6A": 8,
        "Segment: REC START Tech-Bi EE": 9
    },
    "freq_band": [
        0.5,
        4
    ],
    "length_recording": 511155,
    "model_params": {
        "fmax": 300,
        "fmin": 0.5,
        "n_fft": 250
    },
    "n_wins": 4088,
    "output_fname": "sub-la03_ses-presurgery_task-ictal_acq-seeg_run-12_proc-tfr_ieeg.h5",
    "reference": "average",
    "sfreq": 1000.0,
    "sz_offset_event_id": 7,
    "sz_offset_win": 3567,
    "sz_onset_event_id": 6,
    "sz_onset_win": 956,
    "tfr_matrix_shape": [
        109,
        75,
        4088
    ]
}