{
    "ch_names": [
        "MFP1",
        "MFP2",
        "MFP3",
        "MFP4",
        "LFP1",
        "LFP2",
        "LFP5",
        "LSF1",
        "LSF2",
        "LSF3",
        "LSF4",
        "LSF5",
        "LSF6",
        "MT1",
        "LFP3",
        "LFP4",
        "MT2",
        "MT3",
        "MT4",
        "MT5",
        "MT6",
        "G1",
        "G2",
        "G3",
        "G4",
        "G5",
        "G6",
        "G7",
        "G8",
        "G9",
        "G10",
        "G11",
        "G12",
        "G13",
        "G14",
        "G15",
        "G16",
        "G17",
        "G18",
        "G19",
        "G20",
        "G21",
        "G22",
        "G23",
        "G24",
        "G25",
        "G26",
        "G27",
        "G28",
        "G29",
        "G30",
        "G31",
        "G32",
        "G37",
        "G38",
        "G39",
        "G40",
        "G41",
        "G42",
        "G43",
        "G44",
        "G45",
        "G46",
        "G47",
        "G48",
        "G51",
        "G52",
        "G53",
        "G54",
        "G55",
        "G56",
        "G60",
        "G61",
        "G62",
        "G63",
        "G64",
        "PF1",
        "PF2",
        "PF3",
        "PF4",
        "PF5",
        "PF6",
        "AT1",
        "AT2",
        "AT3",
        "AT4",
        "AT5",
        "AT6",
        "PT1",
        "PT2",
        "PT3",
        "PT4",
        "PT5",
        "PT6"
    ],
    "clin_onset_event_id": 7,
    "clinonset_win": 711,
    "delta_vectors_shape": [
        94,
        94,
        2232
    ],
    "events": [
        [
            0,
            0,
            1
        ],
        [
            0,
            0,
            6
        ],
        [
            0,
            0,
            5
        ],
        [
            645,
            0,
            3
        ],
        [
            645,
            0,
            9
        ],
        [
            711,
            0,
            4
        ],
        [
            711,
            0,
            7
        ],
        [
            1154,
            0,
            2
        ],
        [
            1154,
            0,
            8
        ]
    ],
    "events_id": {
        "+0.000000": 1,
        "+144.545000": 2,
        "+80.920000": 3,
        "+89.214000": 4,
        "A1+A2 OFF": 5,
        "Segment: REC START Naula Ref": 6,
        "clinical onset": 7,
        "offset": 8,
        "onset": 9
    },
    "length_recording": 279206,
    "model_params": {
        "method_to_use": "pinv",
        "numcores": 20,
        "perturb_type": "C",
        "radius": 1.5,
        "sfreq": 1000.0,
        "stepsize": 125,
        "tempdir": "/home/adam2392/hdd/derivatives/fragility/average/pt7/sub-pt7_ses-presurgery_task-ictal_acq-seeg_run-02_proc-fragility_average_ieeg-tempdir",
        "winsize": 250
    },
    "numwins": 2232,
    "offsetwin": 1154,
    "onsetwin": 645,
    "output_fpath": "/home/adam2392/hdd/derivatives/fragility/average/pt7/sub-pt7_ses-presurgery_task-ictal_acq-seeg_run-02_proc-fragility_average_ieeg.npz",
    "perturbation_matrix_shape": [
        94,
        2232
    ],
    "reference": "average",
    "sfreq": 1000.0,
    "state_matrix_shape": [
        94,
        94,
        2232
    ],
    "sz_offset_event_id": 8,
    "sz_onset_event_id": 9
}