{
    "band": "beta",
    "ch_names": [
        "G2",
        "G3",
        "G4",
        "G8",
        "G10",
        "G11",
        "G12",
        "G16",
        "G18",
        "G19",
        "G20",
        "G21",
        "G22",
        "G24",
        "G27",
        "G28",
        "G13",
        "G14",
        "G29",
        "G30",
        "G31",
        "G32",
        "TT1",
        "TT2",
        "TT3",
        "TT4",
        "TT5",
        "TT6",
        "AST1",
        "AST2",
        "AST3",
        "AST4",
        "MST1",
        "MST2",
        "MST3",
        "MST4",
        "PST1",
        "PST2",
        "PST3",
        "PPST1",
        "PPST2",
        "PPST3",
        "PPST4",
        "PT1",
        "PT2",
        "PT3'",
        "PT4",
        "PT5",
        "PT6",
        "LF1",
        "LF2",
        "LF3",
        "LF4",
        "LF5",
        "LF6",
        "OF1",
        "OF2",
        "OF3",
        "OF4"
    ],
    "clin_onset_event_id": 11,
    "clin_onset_win": 177,
    "events": [
        [
            0,
            0,
            1
        ],
        [
            0,
            0,
            14
        ],
        [
            0,
            0,
            9
        ],
        [
            146,
            0,
            5
        ],
        [
            146,
            0,
            8
        ],
        [
            168,
            0,
            6
        ],
        [
            168,
            0,
            10
        ],
        [
            177,
            0,
            7
        ],
        [
            177,
            0,
            11
        ],
        [
            294,
            0,
            2
        ],
        [
            294,
            0,
            13
        ],
        [
            307,
            0,
            3
        ],
        [
            307,
            0,
            12
        ],
        [
            335,
            0,
            4
        ],
        [
            335,
            0,
            15
        ]
    ],
    "events_id": {
        "+0.000000": 1,
        "+149.584000": 2,
        "+156.284000": 3,
        "+170.165000": 4,
        "+75.497000": 5,
        "+86.352000": 6,
        "+91.091000": 7,
        "1ST CHANGE - INC SPI": 8,
        "A1+A2 OFF": 9,
        "DEFINITE ONSET": 10,
        "LIKELY CLINICAL ONSE": 11,
        "R face clonic": 12,
        "R face puling": 13,
        "Segment: REC START Carr-susan": 14,
        "offset": 15
    },
    "fmax": 30,
    "fmin": 13,
    "length_recording": 261052,
    "model_params": {
        "stepsize": 500,
        "winsize": 2500
    },
    "n_wins": 518,
    "output_fname": "sub-pt14_ses-presurgery_task-ictal_acq-ecog_run-03_proc-cohdegree_freq-beta_ieeg.npz",
    "output_fpath": "/home/adam2392/hdd/derivatives/coherence-degree/average/pt14/sub-pt14_ses-presurgery_task-ictal_acq-ecog_run-03_proc-cohdegree_freq-beta_ieeg.npz",
    "reference": "average",
    "sfreq": 1000.0,
    "spectral_connectivity_matrix_shape": [
        59,
        59,
        518
    ],
    "sz_offset_event_id": 15,
    "sz_offset_win": 335,
    "sz_onset_event_id": 10,
    "sz_onset_win": 168
}