{
    "ch_names": [
        "J3",
        "J4",
        "J5",
        "J6",
        "J7",
        "J12",
        "J13",
        "J14",
        "J15",
        "X3",
        "X4",
        "X5",
        "X6",
        "X7",
        "X8",
        "X14",
        "X15",
        "X16",
        "O1",
        "O2",
        "O3",
        "O4",
        "O7",
        "O8",
        "O9",
        "O10",
        "O13",
        "O14",
        "O15",
        "N3",
        "N4",
        "N5",
        "N6",
        "N7",
        "N10",
        "N11",
        "N12",
        "N13",
        "N14",
        "Y3",
        "Y4",
        "Y5",
        "Y6",
        "Y11",
        "Y12",
        "Y13",
        "Y14",
        "Y15",
        "Y16",
        "Q1",
        "Q2",
        "Q3",
        "Q4",
        "Q6",
        "Q7",
        "Q8",
        "Q9",
        "Q10",
        "Q11",
        "Q12",
        "Q13",
        "A1",
        "A2",
        "A3",
        "A4",
        "A9",
        "A10",
        "I1",
        "I2",
        "I3",
        "I4",
        "I5",
        "I6",
        "I7",
        "I8",
        "P4",
        "P5",
        "P6",
        "P7",
        "P8",
        "B1",
        "B2",
        "B3",
        "B4",
        "B10",
        "B11",
        "B12",
        "B13",
        "Q'2",
        "Q'3",
        "Q'4",
        "Q'5",
        "Q'7",
        "Q'8",
        "Q'9",
        "Q'10",
        "Q'11",
        "Q'12",
        "Q'13",
        "A'1",
        "A'2",
        "A'3",
        "A'4",
        "A'10",
        "A'11",
        "I'1",
        "I'2",
        "I'3",
        "I'4",
        "I'5",
        "I'6",
        "I'7",
        "I'8",
        "I'9",
        "I'10"
    ],
    "clin_onset_event_id": 10002,
    "clinonset_win": 955,
    "delta_vectors_shape": [
        115,
        115,
        2408
    ],
    "events": [
        [
            0,
            0,
            10001
        ],
        [
            0,
            0,
            10008
        ],
        [
            0,
            0,
            10004
        ],
        [
            955,
            0,
            10002
        ],
        [
            955,
            0,
            10005
        ],
        [
            956,
            0,
            10007
        ],
        [
            1173,
            0,
            10003
        ],
        [
            1173,
            0,
            10006
        ]
    ],
    "events_id": {
        "+0.000000": 10001,
        "+119.719000": 10002,
        "+146.830000": 10003,
        "A1+A2 OFF": 10004,
        "Clin&EEG Onset": 10005,
        "End?": 10006,
        "SZ 5A": 10007,
        "Segment: REC START Tech-Bi EE": 10008
    },
    "length_recording": 301148,
    "model_params": {
        "method_to_use": "pinv",
        "numcores": 20,
        "perturbtype": "C",
        "radius": 1.5,
        "sfreq": 1000.0,
        "stepsize": 125,
        "tempdir": "/home/adam2392/hdd/derivatives/fragility/average/la21/sub-la21_ses-seizure_task-monitor_acq-seeg_run-01_proc-fragility_average_ieeg-tempdir",
        "winsize": 250
    },
    "numwins": 2408,
    "offsetwin": 1173,
    "onsetwin": 955,
    "output_fpath": "/home/adam2392/hdd/derivatives/fragility/average/la21/sub-la21_ses-presurgery_task-ictal_acq-seeg_run-01_proc-fragility_average_ieeg.json",
    "perturbation_matrix_shape": [
        115,
        2408
    ],
    "reference": "average",
    "sfreq": 1000.0,
    "state_matrix_shape": [
        115,
        115,
        2408
    ],
    "sz_offset_event_id": 10003,
    "sz_onset_event_id": 10002
}