{
    "ch_names": [
        "I'1",
        "I'2",
        "I'4",
        "I'5",
        "I'6",
        "I'7",
        "I'8",
        "C'1",
        "C'2",
        "C'3",
        "C'4",
        "C'8",
        "C'9",
        "A1",
        "A2",
        "A3",
        "A8",
        "A9",
        "A10",
        "I1",
        "I2",
        "I3",
        "I4",
        "I5",
        "I6",
        "T1",
        "T2",
        "T3",
        "T4",
        "T5",
        "T6",
        "T7",
        "O1",
        "O2",
        "O3",
        "O4",
        "O5",
        "O6",
        "O7",
        "O8",
        "E1",
        "E2",
        "E3",
        "E4",
        "E5",
        "E6",
        "E7",
        "B2",
        "B3",
        "B4",
        "B5",
        "B9",
        "B10",
        "U1",
        "U2",
        "U3",
        "U4",
        "U5",
        "U6",
        "U7",
        "U8"
    ],
    "clin_onset_event_id": 10009,
    "clinonset_win": 785,
    "delta_vectors_shape": [
        61,
        61,
        2680
    ],
    "events": [
        [
            0,
            0,
            10003
        ],
        [
            0,
            0,
            10016
        ],
        [
            0,
            0,
            10010
        ],
        [
            785,
            0,
            10009
        ],
        [
            785,
            0,
            10011
        ],
        [
            787,
            0,
            10014
        ],
        [
            934,
            0,
            10004
        ],
        [
            934,
            0,
            10002
        ],
        [
            952,
            0,
            10005
        ],
        [
            952,
            0,
            10001
        ],
        [
            965,
            0,
            10006
        ],
        [
            965,
            0,
            10015
        ],
        [
            1039,
            0,
            10007
        ],
        [
            1039,
            0,
            10013
        ],
        [
            1226,
            0,
            10008
        ],
        [
            1226,
            0,
            10012
        ]
    ],
    "events_id": {
        "\"Is it just anxiety": 10001,
        "\"Now having Deja vu\"": 10002,
        "+0.000000": 10003,
        "+117.060000": 10004,
        "+119.226000": 10005,
        "+120.980000": 10006,
        "+130.300000": 10007,
        "+153.511000": 10008,
        "+98.516000": 10009,
        "A1+A2 OFF": 10010,
        "Clin Onset": 10011,
        "End?": 10012,
        "Flashback? \"Think so": 10013,
        "Nervous/hot": 10014,
        "SZ 25E": 10015,
        "Segment: REC START Tech-Bi EE": 10016
    },
    "length_recording": 335220,
    "model_params": {
        "method_to_use": "pinv",
        "numcores": 20,
        "perturbtype": "C",
        "radius": 1.5,
        "sfreq": 1000.0,
        "stepsize": 125,
        "tempdir": "/home/adam2392/hdd/derivatives/fragility/average/nl15/sub-nl15_ses-seizure_task-monitor_acq-seeg_run-02_proc-fragility_average_ieeg-tempdir",
        "winsize": 250
    },
    "numwins": 2680,
    "offsetwin": 1226,
    "onsetwin": 965,
    "output_fpath": "/home/adam2392/hdd/derivatives/fragility/average/nl15/sub-nl15_ses-presurgery_task-ictal_acq-seeg_run-02_proc-fragility_average_ieeg.json",
    "perturbation_matrix_shape": [
        61,
        2680
    ],
    "reference": "average",
    "sfreq": 1000.0,
    "state_matrix_shape": [
        61,
        61,
        2680
    ],
    "sz_offset_event_id": 10008,
    "sz_onset_event_id": 10006
}