{
    "ch_names": [
        "R6",
        "R7",
        "R8",
        "Y1",
        "Y2",
        "Y3",
        "Y4",
        "Y5",
        "R9",
        "R10",
        "Y13",
        "Y14",
        "Y15",
        "U1",
        "U2",
        "U3",
        "U9",
        "U10",
        "B1",
        "B2",
        "B6",
        "B7",
        "B8",
        "B9",
        "B10",
        "B13",
        "B14",
        "C1",
        "C2",
        "C7",
        "C8",
        "C9",
        "C10",
        "C11",
        "C12",
        "C13",
        "C14",
        "X1",
        "X2",
        "X3",
        "X5",
        "X6",
        "X9",
        "X10",
        "X11",
        "X12",
        "X13",
        "X14",
        "E1",
        "E2",
        "E4",
        "E5",
        "E6",
        "E9",
        "E10",
        "E11",
        "E12",
        "F1",
        "F2",
        "F3",
        "F4",
        "F5",
        "F6",
        "F7",
        "F8",
        "F9",
        "F10",
        "F11",
        "S1",
        "S2",
        "S3",
        "S5",
        "S6",
        "S7",
        "S8",
        "S9",
        "P1",
        "P2",
        "P3",
        "P4",
        "P5",
        "P6",
        "P7",
        "P10",
        "P11",
        "P12",
        "P13",
        "P14",
        "W1",
        "W2",
        "W3",
        "W4",
        "W6",
        "W7",
        "W10",
        "W11",
        "W12",
        "W13",
        "W14",
        "W15",
        "W16",
        "O1",
        "O2",
        "O3",
        "O7",
        "O10",
        "O11",
        "O12",
        "O13",
        "O14",
        "O15",
        "V1",
        "V2",
        "V3",
        "V4",
        "V10",
        "V11",
        "V12",
        "V13",
        "V14",
        "V15"
    ],
    "clinonset_win": null,
    "delta_vectors_shape": [
        121,
        121,
        488
    ],
    "events": [
        [
            0,
            0,
            10001
        ],
        [
            0,
            0,
            10005
        ],
        [
            0,
            0,
            10003
        ],
        [
            234,
            0,
            10002
        ],
        [
            234,
            0,
            10004
        ]
    ],
    "events_id": {
        "+0.000000": 10001,
        "+29.486000": 10002,
        "A1+A2 OFF": 10003,
        "Mid": 10004,
        "Segment: REC START Tech-Bi EE": 10005
    },
    "length_recording": 61146,
    "model_params": {
        "method_to_use": "pinv",
        "numcores": 20,
        "perturbtype": "C",
        "radius": 1.5,
        "sfreq": 1000.0,
        "stepsize": 125,
        "tempdir": "/home/adam2392/hdd/derivatives/fragility/average/nl14/sub-nl14_ses-presurgery_task-interictal_acq-seeg_run-01_proc-fragility_average_ieeg-tempdir",
        "winsize": 250
    },
    "numwins": 488,
    "offsetwin": null,
    "onsetwin": null,
    "output_fpath": "/home/adam2392/hdd/derivatives/fragility/average/nl14/sub-nl14_ses-presurgery_task-interictal_acq-seeg_run-01_proc-fragility_average_ieeg.npz",
    "perturbation_matrix_shape": [
        121,
        488
    ],
    "reference": "average",
    "sfreq": 1000.0,
    "state_matrix_shape": [
        121,
        121,
        488
    ]
}