{
    "ch_names": [
        "U'2",
        "U'3",
        "U'4",
        "U'5",
        "U'6",
        "U'7",
        "U'8",
        "T'1",
        "T'2",
        "T'3",
        "T'4",
        "T'5",
        "T'6",
        "T'7",
        "T'8",
        "X'1",
        "U'9",
        "X'2",
        "X'11",
        "X'12",
        "X'13",
        "X'14",
        "X'15",
        "S'1",
        "S'2",
        "S'3",
        "S'4",
        "S'7",
        "S'8",
        "R'1",
        "R'2",
        "R'8",
        "R'9",
        "Q'2",
        "Q'3",
        "Q'4",
        "Q'7",
        "Q'8",
        "O'1",
        "O'2",
        "O'3",
        "O'7",
        "O'8",
        "O'10",
        "O'11",
        "O'12",
        "O'13",
        "Y'1",
        "Y'2",
        "Y'3",
        "Y'4",
        "Y'7",
        "Y'8",
        "Y'9",
        "Y'10",
        "Y'11",
        "Y'12",
        "Y'13",
        "Y'14",
        "Y'15",
        "Z'2",
        "Z'9",
        "Z'10",
        "Z'11",
        "Z'12",
        "Z'13",
        "Z'14"
    ],
    "clin_onset_event_id": null,
    "clin_onset_win": null,
    "events": [
        [
            0,
            0,
            1
        ],
        [
            0,
            0,
            15
        ],
        [
            0,
            0,
            10
        ],
        [
            959,
            0,
            2
        ],
        [
            959,
            0,
            14
        ],
        [
            969,
            0,
            3
        ],
        [
            969,
            0,
            11
        ],
        [
            998,
            0,
            4
        ],
        [
            998,
            0,
            18
        ],
        [
            1043,
            0,
            5
        ],
        [
            1043,
            0,
            16
        ],
        [
            1072,
            0,
            6
        ],
        [
            1072,
            0,
            17
        ],
        [
            1106,
            0,
            7
        ],
        [
            1106,
            0,
            19
        ],
        [
            1185,
            0,
            8
        ],
        [
            1185,
            0,
            13
        ],
        [
            1360,
            0,
            9
        ],
        [
            1360,
            0,
            12
        ]
    ],
    "events_id": {
        "+0.000000": 1,
        "+120.175000": 2,
        "+121.369000": 3,
        "+125.044000": 4,
        "+130.661000": 5,
        "+134.285000": 6,
        "+138.515000": 7,
        "+148.413000": 8,
        "+170.182000": 9,
        "A1+A2 OFF": 10,
        "EEG onset T'1 ?": 11,
        "END": 12,
        "GTC": 13,
        "SZ 6PG": 14,
        "Segment: REC START Tech-Bi EEG": 15,
        "face tonic": 16,
        "head right": 17,
        "right arm": 18,
        "right clonic": 19
    },
    "freq_band": [
        0.5,
        4
    ],
    "length_recording": 420122,
    "model_params": {
        "fmax": 300,
        "fmin": 0.5,
        "n_fft": 250
    },
    "n_wins": 3359,
    "output_fname": "sub-la07_ses-presurgery_task-ictal_acq-seeg_run-01_proc-tfr_ieeg.h5",
    "reference": "average",
    "sfreq": 1000.0,
    "sz_offset_event_id": 12,
    "sz_offset_win": 1360,
    "sz_onset_event_id": 11,
    "sz_onset_win": 969,
    "tfr_matrix_shape": [
        67,
        75,
        3359
    ]
}