{
    "band": "theta",
    "ch_names": [
        "S1",
        "S4",
        "S5",
        "S6",
        "S7",
        "S8",
        "S11",
        "H1",
        "H2",
        "H4",
        "H5",
        "H6",
        "H7",
        "S9",
        "S10",
        "H8",
        "M1",
        "M2",
        "M5",
        "M6",
        "M7",
        "M8",
        "M9",
        "M10",
        "M11",
        "M12",
        "N1",
        "N2",
        "N3",
        "N4",
        "N5",
        "N6",
        "N7",
        "N9",
        "P1",
        "P2",
        "P3",
        "P4",
        "P5",
        "P6",
        "P7",
        "P8",
        "P9",
        "P10",
        "P11",
        "P12",
        "Y1",
        "Y2",
        "Y3",
        "Y4",
        "Y8",
        "Y9",
        "Y10",
        "Y11",
        "Y12",
        "Y13",
        "Y14",
        "Z1",
        "Z2",
        "Z3",
        "Z7",
        "Z8",
        "Z9",
        "Z10",
        "Z11",
        "Z12",
        "Z13",
        "Z14",
        "X1",
        "X2",
        "X8",
        "X9",
        "X10",
        "X11",
        "X12",
        "X13",
        "X14"
    ],
    "clin_onset_event_id": 8,
    "events": [
        [
            0,
            0,
            1
        ],
        [
            0,
            0,
            12
        ],
        [
            0,
            0,
            7
        ],
        [
            232,
            0,
            2
        ],
        [
            232,
            0,
            9
        ],
        [
            235,
            0,
            3
        ],
        [
            235,
            0,
            11
        ],
        [
            236,
            0,
            4
        ],
        [
            236,
            0,
            8
        ],
        [
            822,
            0,
            5
        ],
        [
            822,
            0,
            10
        ],
        [
            835,
            0,
            6
        ],
        [
            835,
            0,
            12
        ],
        [
            835,
            0,
            7
        ]
    ],
    "events_id": {
        "+0.000000": 1,
        "+118.427000": 2,
        "+119.682000": 3,
        "+120.254000": 4,
        "+413.133000": 5,
        "+420.000000": 6,
        "A1+A2 OFF": 7,
        "Clin Onset": 8,
        "EEG Onset?": 9,
        "End?": 10,
        "SZ 3P": 11,
        "Segment: REC START Tech-Bi EE": 12
    },
    "fmax": 8,
    "fmin": 4,
    "length_recording": 421070,
    "model_params": {
        "stepsize": 500,
        "winsize": 2500
    },
    "n_wins": 838,
    "output_fname": "sub-nl22_ses-presurgery_task-ictal_acq-seeg_run-08_proc-cohdegree_freq-theta_ieeg.npz",
    "output_fpath": "/home/adam2392/hdd/derivatives/coherence-degree/average/theta/nl22/sub-nl22_ses-presurgery_task-ictal_acq-seeg_run-08_proc-cohdegree_freq-theta_ieeg.npz",
    "reference": "average",
    "sfreq": 1000.0,
    "spectral_connectivity_matrix_shape": [
        77,
        77,
        838
    ],
    "sz_offset_event_id": 10,
    "sz_onset_event_id": 8
}