{
    "ch_names": [
        "L'1",
        "L'2",
        "L'3",
        "L'4",
        "L'6",
        "L'7",
        "L'8",
        "L'11",
        "L'12",
        "L'13",
        "M'1",
        "M'2",
        "M'3",
        "M'7",
        "L'10",
        "M'8",
        "M'9",
        "M'10",
        "M'11",
        "M'12",
        "M'13",
        "M'14",
        "G'1",
        "G'2",
        "G'3",
        "G'4",
        "G'9",
        "G'10",
        "G'11",
        "G'12",
        "G'13",
        "G'14",
        "G'15",
        "F'1",
        "F'4",
        "F'5",
        "F'7",
        "F'8",
        "F'9",
        "F'10",
        "F'11",
        "O'1",
        "O'2",
        "O'3",
        "O'6",
        "O'7",
        "O'8",
        "O'9",
        "O'10",
        "O'11",
        "O'12",
        "O'13",
        "R'1",
        "R'2",
        "R'3",
        "R'4",
        "R'7",
        "R'8",
        "R'9",
        "B'1",
        "B'2",
        "B'3",
        "B'4",
        "B'12",
        "B'13",
        "B'14",
        "P'1",
        "P'2",
        "P'3",
        "P'8",
        "P'10",
        "P'11",
        "P'12",
        "P'13",
        "P'14",
        "P'15",
        "P'16"
    ],
    "clin_onset_event_id": 9,
    "clin_onset_win": 1135,
    "events": [
        [
            0,
            0,
            1
        ],
        [
            0,
            0,
            12
        ],
        [
            0,
            0,
            8
        ],
        [
            961,
            0,
            2
        ],
        [
            961,
            0,
            11
        ],
        [
            986,
            0,
            3
        ],
        [
            986,
            0,
            10
        ],
        [
            1019,
            0,
            4
        ],
        [
            1019,
            0,
            14
        ],
        [
            1057,
            0,
            5
        ],
        [
            1057,
            0,
            15
        ],
        [
            1135,
            0,
            6
        ],
        [
            1135,
            0,
            9
        ],
        [
            1161,
            0,
            7
        ],
        [
            1161,
            0,
            13
        ]
    ],
    "events_id": {
        "+0.000000": 1,
        "+120.486000": 2,
        "+123.550000": 3,
        "+127.710000": 4,
        "+132.520000": 5,
        "+142.259000": 6,
        "+145.440000": 7,
        "A1+A2 OFF": 8,
        "Clin&EEG End": 9,
        "EEG onset-fast activ": 10,
        "SZ 3P": 11,
        "Segment: REC START Tech-Bi EE": 12,
        "moves around in bed": 13,
        "opens eyes, turns he": 14,
        "raise arms, pull on": 15
    },
    "freq_band": [
        0.5,
        4
    ],
    "length_recording": 720044,
    "model_params": {
        "fmax": 300,
        "fmin": 0.5,
        "n_fft": 250
    },
    "n_wins": 5759,
    "output_fname": "sub-la04_ses-presurgery_task-ictal_acq-seeg_run-09_proc-tfr_ieeg.h5",
    "reference": "average",
    "sfreq": 1000.0,
    "sz_offset_event_id": 9,
    "sz_offset_win": 1135,
    "sz_onset_event_id": 10,
    "sz_onset_win": 986,
    "tfr_matrix_shape": [
        77,
        75,
        5759
    ]
}