{
    "band": "highgamma",
    "ch_names": [
        "W'1",
        "W'4",
        "W'7",
        "Z'1",
        "Z'7",
        "Z'8",
        "Z'9",
        "D'1",
        "W'9",
        "D'2",
        "D'3",
        "D'10",
        "P1",
        "P6",
        "P7",
        "P8",
        "W1",
        "W5",
        "W6",
        "W7",
        "W8",
        "Z1",
        "Z2",
        "Z7",
        "Z8",
        "X9",
        "S5",
        "S6",
        "S7",
        "S8",
        "V1",
        "V2",
        "V6",
        "V7",
        "V8",
        "O1",
        "O2",
        "O3",
        "O7",
        "O8",
        "O9",
        "O10",
        "D1",
        "D2",
        "D3",
        "D7",
        "D8",
        "D9",
        "D10",
        "F1",
        "F2",
        "F4",
        "F5",
        "F6",
        "F10",
        "B1",
        "B2",
        "A1",
        "A2",
        "A3",
        "A4",
        "A6",
        "A8",
        "A9",
        "A10",
        "E1",
        "E2",
        "E3",
        "E4",
        "E5",
        "E7",
        "E8",
        "E9"
    ],
    "clin_onset_event_id": 12,
    "events": [
        [
            0,
            0,
            1
        ],
        [
            0,
            0,
            18
        ],
        [
            0,
            0,
            10
        ],
        [
            178,
            0,
            9
        ],
        [
            178,
            0,
            15
        ],
        [
            220,
            0,
            2
        ],
        [
            220,
            0,
            11
        ],
        [
            236,
            0,
            3
        ],
        [
            236,
            0,
            17
        ],
        [
            237,
            0,
            4
        ],
        [
            237,
            0,
            13
        ],
        [
            240,
            0,
            5
        ],
        [
            240,
            0,
            12
        ],
        [
            246,
            0,
            6
        ],
        [
            246,
            0,
            14
        ],
        [
            258,
            0,
            7
        ],
        [
            258,
            0,
            16
        ],
        [
            259,
            0,
            8
        ],
        [
            259,
            0,
            19
        ]
    ],
    "events_id": {
        "+0.000000": 1,
        "+112.365000": 2,
        "+120.217000": 3,
        "+120.652000": 4,
        "+122.215000": 5,
        "+125.313000": 6,
        "+131.217000": 7,
        "+131.930000": 8,
        "+91.042000": 9,
        "A1+A2 OFF": 10,
        "Chewing food": 11,
        "Clinical onset Stop": 12,
        "EEG onset": 13,
        "Not responding": 14,
        "P_COMMENT": 15,
        "Patient asked mom to": 16,
        "SZ 2P": 17,
        "Segment: REC START Tech-Bi EE": 18,
        "end": 19
    },
    "fmax": 300,
    "fmin": 90,
    "length_recording": 720000,
    "model_params": {
        "stepsize": 500,
        "winsize": 2500
    },
    "n_wins": 1436,
    "output_fname": "sub-tvb1_ses-presurgery_task-ictal_acq-seeg_run-03_proc-cohdegree_freq-highgamma_ieeg.npz",
    "output_fpath": "/home/adam2392/hdd/derivatives/coherence-degree/average/highgamma/tvb1/sub-tvb1_ses-presurgery_task-ictal_acq-seeg_run-03_proc-cohdegree_freq-highgamma_ieeg.npz",
    "reference": "average",
    "sfreq": 1000.0,
    "spectral_connectivity_matrix_shape": [
        73,
        73,
        1436
    ],
    "sz_offset_event_id": 19,
    "sz_onset_event_id": 13
}